Title,Trim,Location,Distance,MSRP,Price,Monthly Payment,Source File
2025 Mitsubishi Eclipse Cross,LE S-AWC,"Green Brook, NJ",33 mi away,"$30,120","$27,299",$512/mo est.,New Cars (1).mhtml
2025 Mazda CX-30,2.5 S AWD,"Springfield, MA",112 mi away,"$27,300","$27,300",$512/mo est.,New Cars (1).mhtml
2024 Mitsubishi Outlander,SE Black Edition FWD,"Quakertown, PA",80 mi away,"$36,300","$27,300",$516/mo est.,New Cars (1).mhtml
2025 Kia K4,GT-Line FWD,"Swansea, MA",154 mi away,"$29,060","$27,310",$512/mo est.,New Cars (1).mhtml
2025 Honda Civic Hatchback,Sport FWD,"Norwood, MA",171 mi away,"$28,600","$27,311",$512/mo est.,New Cars (1).mhtml
2025 Hyundai Elantra Hybrid,Limited FWD,"Towson, MD",172 mi away,"$31,460","$27,311",$512/mo est.,New Cars (1).mhtml
2025 Hyundai Elantra Hybrid,Limited FWD,"Towson, MD",172 mi away,"$31,460","$27,311",$512/mo est.,New Cars (1).mhtml
2025 Hyundai Sonata,SE FWD,"Enfield, CT",107 mi away,"$28,340","$27,315",$512/mo est.,New Cars (1).mhtml
2025 Nissan Altima,2.5 SV AWD,"Bloomfield, NJ",14 mi away,"$32,160","$27,320",$512/mo est.,New Cars (1).mhtml
2025 Kia K4,GT-Line FWD,"Yonkers, NY",11 mi away,"$28,575","$27,325",$512/mo est.,New Cars (1).mhtml
2025 Mazda CX-30,2.5 S AWD,"Springfield, MA",112 mi away,"$27,330","$27,330",$512/mo est.,New Cars (1).mhtml
2025 Nissan Sentra,SR FWD,"Westbury, NY",19 mi away,"$29,780","$27,333",$512/mo est.,New Cars (1).mhtml
2025 Volkswagen Jetta,SE FWD,"Paramus, NJ",10 mi away,"$27,339","$27,339",$512/mo est.,New Cars (1).mhtml
2025 Toyota Corolla,SE FWD,"Yonkers, NY",11 mi away,"$27,340","$27,340",$513/mo est.,New Cars (1).mhtml
2025 Nissan Sentra,SR FWD,"Blackwood, NJ",95 mi away,"$29,340","$27,340",$513/mo est.,New Cars (1).mhtml
2024 Hyundai Kona,SEL FWD,"Valley Stream, NY",15 mi away,"$28,239","$27,355",$517/mo est.,New Cars (1).mhtml
2025 Nissan Kicks,SR AWD,"Medford, MA",182 mi away,"$31,360","$27,360",$513/mo est.,New Cars (1).mhtml
2025 Nissan Kicks,SV AWD,"Ardmore, PA",91 mi away,"$27,360","$27,360",$513/mo est.,New Cars (1).mhtml
2024 Mitsubishi Outlander Sport,ES AWC,"Wilmington, MA",185 mi away,"$27,365","$27,365",$517/mo est.,New Cars (1).mhtml
2025 Hyundai Sonata,SE FWD,"Philadelphia, PA",76 mi away,"$28,405","$27,370",$513/mo est.,New Cars (1).mhtml
2025 Mazda MAZDA3,2.5 S Preferred Sedan FWD,"Yonkers, NY",9 mi away,,"$27,385",$513/mo est.,New Cars (1).mhtml
2025 Nissan Altima,2.5 SV FWD,"Blauvelt, NY",18 mi away,"$32,305","$27,386",$513/mo est.,New Cars (1).mhtml
2025 Volkswagen Tiguan,S 4Motion,"Vernon, CT",101 mi away,"$33,665","$28,165",$528/mo est.,New Cars (10).mhtml
2025 Subaru Impreza,Sport AWD,"Schenectady, NY",141 mi away,"$28,169","$28,169",$528/mo est.,New Cars (10).mhtml
2025 Hyundai Elantra,Limited FWD,"Schenectady, NY",135 mi away,"$29,050","$28,179",$528/mo est.,New Cars (10).mhtml
2025 Hyundai Elantra,Limited FWD,"Schenectady, NY",135 mi away,"$29,050","$28,179",$528/mo est.,New Cars (10).mhtml
2025 Nissan Altima,2.5 SR FWD,"Totowa, NJ",17 mi away,"$31,490","$28,184",$528/mo est.,New Cars (10).mhtml
2025 Buick Envista,Sport Touring FWD,"Woodbury, NJ",95 mi away,"$28,185","$28,185",$528/mo est.,New Cars (10).mhtml
2025 Ford Bronco Sport,Big Bend AWD,"Mechanicsburg, PA",167 mi away,"$33,690","$28,190",$528/mo est.,New Cars (10).mhtml
2025 Ford Bronco Sport,Big Bend AWD,"Baltimore, MD",173 mi away,"$33,385","$28,192",$528/mo est.,New Cars (10).mhtml
2025 Nissan Kicks,SR AWD,"Raynham, MA",168 mi away,"$30,540","$28,194",$529/mo est.,New Cars (10).mhtml
2025 Nissan Kicks,SR AWD,"Raynham, MA",168 mi away,"$30,540","$28,194",$529/mo est.,New Cars (10).mhtml
2025 Volkswagen Jetta,SE FWD,"Pompton Plains, NJ",22 mi away,"$28,944","$28,194",$529/mo est.,New Cars (10).mhtml
2025 Nissan Altima,2.5 SV FWD,"Toms River, NJ",61 mi away,"$29,570","$28,202",$529/mo est.,New Cars (10).mhtml
2025 Mitsubishi Outlander Sport,ES AWC,"Brookfield, CT",52 mi away,"$32,060","$28,213",$529/mo est.,New Cars (10).mhtml
2025 Hyundai Elantra,Limited FWD,"Schenectady, NY",135 mi away,"$29,090","$28,217",$529/mo est.,New Cars (10).mhtml
2024 Ford Maverick,XL SuperCrew AWD,"Philadelphia, PA",80 mi away,"$28,230","$28,230",$533/mo est.,New Cars (10).mhtml
2025 Mitsubishi Outlander Sport,Trail Edition AWC,"East Providence, RI",150 mi away,,"$28,233",$529/mo est.,New Cars (10).mhtml
2025 Subaru Legacy,Premium AWD,"Philadelphia, PA",91 mi away,"$32,242","$28,234",$529/mo est.,New Cars (10).mhtml
2025 Subaru Legacy,Premium AWD,"Philadelphia, PA",91 mi away,"$32,242","$28,234",$529/mo est.,New Cars (10).mhtml
2024 Dodge Hornet,R/T Plus AWD,"Fairfield, CT",43 mi away,"$52,430","$28,237",$533/mo est.,New Cars (10).mhtml
2025 Mazda CX-5,2.5 S AWD,"Lenox, MA",115 mi away,"$30,740","$28,240",$529/mo est.,New Cars (10).mhtml
2025 Hyundai Elantra,N Line FWD,"Milford, CT",51 mi away,"$30,740","$28,240",$529/mo est.,New Cars (10).mhtml
2025 Honda HR-V,LX AWD,"Tarrytown, NY",17 mi away,,"$28,250",$530/mo est.,New Cars (10).mhtml
2025 Hyundai Elantra,N Line FWD,"Milford, CT",51 mi away,"$30,750","$28,250",$530/mo est.,New Cars (11).mhtml
2025 Ford Maverick,XL SuperCrew AWD,"Vauxhall, NJ",21 mi away,"$31,505","$28,255",$530/mo est.,New Cars (11).mhtml
2025 Nissan Kicks,SR AWD,"Butler, NJ",26 mi away,"$30,330","$28,258",$530/mo est.,New Cars (11).mhtml
2025 Kia K4,GT-Line FWD,"West Islip, NY",33 mi away,"$28,260","$28,260",$530/mo est.,New Cars (11).mhtml
2025 Hyundai Sonata,SE FWD,"Enfield, CT",107 mi away,"$29,255","$28,269",$530/mo est.,New Cars (11).mhtml
2025 Subaru Legacy,Premium AWD,"Philadelphia, PA",91 mi away,"$32,309","$28,278",$530/mo est.,New Cars (11).mhtml
2025 Nissan Altima,2.5 SV AWD,"Blackwood, NJ",95 mi away,"$32,280","$28,280",$530/mo est.,New Cars (11).mhtml
2025 Honda Accord,LX FWD,"North Plainfield, NJ",30 mi away,,"$28,295",$530/mo est.,New Cars (11).mhtml
2025 Honda HR-V,LX AWD,"Huntington, NY",29 mi away,"$28,295","$28,295",$530/mo est.,New Cars (11).mhtml
2025 Honda HR-V,LX AWD,"Lebanon, PA",137 mi away,"$28,295","$28,295",$530/mo est.,New Cars (11).mhtml
2025 Honda HR-V,LX AWD,"Lebanon, PA",137 mi away,"$28,295","$28,295",$530/mo est.,New Cars (11).mhtml
2025 Honda HR-V,LX AWD,"Kingston, NY",79 mi away,"$28,295","$28,295",$530/mo est.,New Cars (11).mhtml
2025 Honda HR-V,LX AWD,"Kingston, NY",79 mi away,"$28,295","$28,295",$530/mo est.,New Cars (11).mhtml
2025 Honda HR-V,LX AWD,"Kingston, NY",79 mi away,,"$28,295",$530/mo est.,New Cars (11).mhtml
2025 Hyundai Elantra,Limited FWD,"Hicksville, NY",22 mi away,,"$28,301",$531/mo est.,New Cars (11).mhtml
2025 Hyundai Elantra,Limited FWD,"Hicksville, NY",22 mi away,,"$28,301",$531/mo est.,New Cars (11).mhtml
2025 Nissan Sentra,SR FWD,"St James, NY",41 mi away,"$29,625","$28,302",$531/mo est.,New Cars (11).mhtml
2025 Nissan Sentra,SR FWD,"St James, NY",41 mi away,"$29,625","$28,302",$531/mo est.,New Cars (11).mhtml
2025 Nissan Sentra,SR FWD,"St James, NY",41 mi away,"$29,625","$28,302",$531/mo est.,New Cars (11).mhtml
2025 Nissan Sentra,SR FWD,"St James, NY",41 mi away,"$29,625","$28,302",$531/mo est.,New Cars (11).mhtml
2025 Nissan Sentra,SR FWD,"St James, NY",41 mi away,"$29,625","$28,302",$531/mo est.,New Cars (11).mhtml
2025 Nissan Sentra,SR FWD,"St James, NY",41 mi away,"$29,625","$28,302",$531/mo est.,New Cars (11).mhtml
2025 Honda Accord,LX FWD,"Hamburg, PA",110 mi away,"$29,445","$28,307",$531/mo est.,New Cars (12).mhtml
2025 Honda Accord,LX FWD,"Hamburg, PA",110 mi away,"$29,445","$28,307",$531/mo est.,New Cars (12).mhtml
2025 Hyundai Elantra Hybrid,SEL Sport FWD,"Mahwah, NJ",22 mi away,"$29,310","$28,310",$531/mo est.,New Cars (12).mhtml
2025 Volkswagen Jetta,SE FWD,"Clifton, NJ",15 mi away,"$28,314","$28,314",$531/mo est.,New Cars (12).mhtml
2025 Mitsubishi Outlander Sport,ES AWC,"East Petersburg, PA",137 mi away,"$29,315","$28,315",$531/mo est.,New Cars (12).mhtml
2025 Mazda CX-5,2.5 S AWD,"Lenox, MA",115 mi away,"$30,820","$28,320",$531/mo est.,New Cars (12).mhtml
2025 Ford Escape,ST-Line AWD,"Keyport, NJ",31 mi away,"$36,465","$28,323",$531/mo est.,New Cars (12).mhtml
2025 Mazda CX-5,2.5 S AWD,"Trevose, PA",73 mi away,"$31,935","$28,324",$531/mo est.,New Cars (12).mhtml
2025 Hyundai Sonata,SE FWD,"Jamaica, NY",10 mi away,"$29,325","$28,325",$531/mo est.,New Cars (12).mhtml
2025 Kia Seltos,S AWD,"Jersey City, NJ",12 mi away,"$29,825","$28,325",$531/mo est.,New Cars (12).mhtml
2025 Hyundai Sonata Hybrid,SEL FWD,"Milford, MA",155 mi away,"$33,335","$28,335",$531/mo est.,New Cars (12).mhtml
2025 Nissan Altima,2.5 SV AWD,"Exton, PA",105 mi away,"$33,335","$28,335",$531/mo est.,New Cars (12).mhtml
2025 Hyundai Elantra,Limited FWD,"Hicksville, NY",22 mi away,,"$28,337",$531/mo est.,New Cars (12).mhtml
2025 Hyundai Sonata,SE FWD,"Scranton, PA",100 mi away,"$28,340","$28,340",$531/mo est.,New Cars (12).mhtml
2025 Kia Seltos,S AWD,"North Plainfield, NJ",31 mi away,"$29,525","$28,344",$531/mo est.,New Cars (12).mhtml
2025 Ford Escape,Active AWD,"Keyport, NJ",31 mi away,"$34,745","$28,349",$531/mo est.,New Cars (12).mhtml
2025 Hyundai Sonata,SE FWD,"Scranton, PA",100 mi away,"$28,360","$28,360",$532/mo est.,New Cars (12).mhtml
2025 Ford Bronco Sport,Big Bend AWD,"Glen Burnie, MD",182 mi away,"$34,685","$28,370",$532/mo est.,New Cars (12).mhtml
2025 Ford Bronco Sport,Big Bend AWD,"Glen Burnie, MD",182 mi away,"$34,685","$28,370",$532/mo est.,New Cars (12).mhtml
2025 Nissan Altima,2.5 SV FWD,"Toms River, NJ",61 mi away,"$29,755","$28,372",$532/mo est.,New Cars (12).mhtml
2025 Nissan Altima,2.5 SV AWD,"Exton, PA",105 mi away,"$33,375","$28,375",$532/mo est.,New Cars (12).mhtml
2025 Nissan Altima,2.5 SV AWD,"Old Saybrook, CT",87 mi away,"$30,965","$28,395",$532/mo est.,New Cars (12).mhtml
2025 Hyundai Elantra,Limited FWD,"Hicksville, NY",22 mi away,,"$28,396",$532/mo est.,New Cars (13).mhtml
2025 Ford Escape Hybrid Plug-in,FWD,"Londonderry, NH",194 mi away,"$39,890","$28,398",$532/mo est.,New Cars (13).mhtml
2025 Ford Escape Hybrid Plug-in,FWD,"Londonderry, NH",194 mi away,"$39,890","$28,398",$532/mo est.,New Cars (13).mhtml
2025 Hyundai Sonata,SE FWD,"Millville, NJ",113 mi away,"$29,205","$28,405",$532/mo est.,New Cars (13).mhtml
2025 Hyundai Elantra,Limited FWD,"Auburn, MA",142 mi away,"$28,410","$28,410",$533/mo est.,New Cars (13).mhtml
2025 Ford Escape,Active AWD,"Utica, NY",173 mi away,"$34,445","$28,412",$533/mo est.,New Cars (13).mhtml
2025 Subaru Legacy,Premium AWD,"Belmont, MA",178 mi away,"$31,574","$28,417",$533/mo est.,New Cars (13).mhtml
2025 Nissan Altima,2.5 SR AWD,"Flemington, NJ",53 mi away,"$32,800","$28,419",$533/mo est.,New Cars (13).mhtml
2025 Hyundai Elantra Hybrid,SEL Sport FWD,"Schenectady, NY",135 mi away,"$29,240","$28,436",$533/mo est.,New Cars (13).mhtml
2025 Honda Accord,LX FWD,"Yorkville, NY",173 mi away,"$29,445","$28,445",$533/mo est.,New Cars (13).mhtml
2025 Honda Accord,LX FWD,"Yorkville, NY",173 mi away,"$29,445","$28,445",$533/mo est.,New Cars (13).mhtml
2025 Ford Bronco Sport,Big Bend AWD,"Pittsville, MD",186 mi away,"$34,040","$28,445",$533/mo est.,New Cars (13).mhtml
2025 Mitsubishi Outlander Sport,ES AWC,"Framingham, MA",165 mi away,"$29,255","$28,455",$533/mo est.,New Cars (13).mhtml
2025 Honda Accord,LX FWD,"Yorkville, NY",173 mi away,"$29,445","$28,456",$533/mo est.,New Cars (13).mhtml
2025 Kia Sportage,LX AWD,"Baltimore, MD",173 mi away,"$31,155","$28,457",$533/mo est.,New Cars (13).mhtml
2025 Ford Escape,Active AWD,"Vauxhall, NJ",21 mi away,"$35,470","$28,470",$534/mo est.,New Cars (13).mhtml
2025 Chevrolet Trailblazer,LT FWD,"New Holland, PA",123 mi away,"$28,475","$28,475",$534/mo est.,New Cars (13).mhtml
2025 Mazda CX-5,2.5 S AWD,"Lenox, MA",115 mi away,"$30,980","$28,480",$534/mo est.,New Cars (13).mhtml
2025 Nissan Sentra,SV FWD,"Hillside, NJ",18 mi away,"$28,480","$28,480",$534/mo est.,New Cars (13).mhtml
2025 Nissan Sentra,SV FWD,"Hillside, NJ",18 mi away,"$28,480","$28,480",$534/mo est.,New Cars (13).mhtml
2025 Ford Bronco Sport,Big Bend AWD,"Glen Burnie, MD",182 mi away,"$34,810","$28,481",$534/mo est.,New Cars (13).mhtml
2025 Ford Bronco Sport,Big Bend AWD,"Laurel, MD",197 mi away,"$34,685","$28,485",$534/mo est.,New Cars (13).mhtml
2025 Honda Accord,LX FWD,"Yorkville, NY",173 mi away,"$29,490","$28,490",$534/mo est.,New Cars (14).mhtml
2025 Honda Accord,LX FWD,"Yorkville, NY",173 mi away,"$29,490","$28,490",$534/mo est.,New Cars (14).mhtml
2025 Honda Accord,LX FWD,"Yorkville, NY",173 mi away,"$29,490","$28,490",$534/mo est.,New Cars (14).mhtml
2025 Nissan Rogue,S AWD,"Norwood, MA",171 mi away,"$32,560","$28,492",$534/mo est.,New Cars (14).mhtml
2025 Honda Accord,LX FWD,"Syracuse, NY",193 mi away,"$29,490","$28,495",$534/mo est.,New Cars (14).mhtml
2025 Honda Accord,LX FWD,"Syracuse, NY",193 mi away,"$29,490","$28,495",$534/mo est.,New Cars (14).mhtml
2025 Honda Accord,LX FWD,"Syracuse, NY",193 mi away,"$29,490","$28,495",$534/mo est.,New Cars (14).mhtml
2024 Dodge Hornet,GT AWD,"Monticello, NY",67 mi away,"$28,495","$28,495",$538/mo est.,New Cars (14).mhtml
2025 Ford Escape Hybrid Plug-in,FWD,"Boyertown, PA",95 mi away,"$41,490","$28,495",$534/mo est.,New Cars (14).mhtml
2025 Nissan Sentra,SR FWD,"West Warwick, RI",139 mi away,"$30,265","$28,500",$534/mo est.,New Cars (14).mhtml
2025 Nissan Kicks,SR AWD,"Kingston, MA",184 mi away,"$31,480","$28,500",$534/mo est.,New Cars (14).mhtml
2025 Ford Maverick,XL SuperCrew FWD,"Schenectady, NY",135 mi away,"$29,840","$28,500",$534/mo est.,New Cars (14).mhtml
2025 Honda HR-V,Sport AWD,"Saratoga Springs, NY",155 mi away,"$30,505","$28,500",$534/mo est.,New Cars (14).mhtml
2025 Honda HR-V,Sport AWD,"Saratoga Springs, NY",155 mi away,"$30,505","$28,500",$534/mo est.,New Cars (14).mhtml
2025 Honda Accord,LX FWD,"Yorkville, NY",173 mi away,"$29,490","$28,501",$534/mo est.,New Cars (14).mhtml
2025 Honda Accord,LX FWD,"Yorkville, NY",173 mi away,"$29,490","$28,501",$534/mo est.,New Cars (14).mhtml
2025 Hyundai Santa Cruz,SE Crew Cab AWD,"Milford, CT",51 mi away,"$32,755","$28,505",$534/mo est.,New Cars (14).mhtml
2025 Nissan Altima,2.5 SV FWD,"St James, NY",41 mi away,"$32,395","$28,508",$534/mo est.,New Cars (14).mhtml
2025 Mazda CX-5,2.5 S AWD,"Lenox, MA",115 mi away,"$31,030","$28,530",$535/mo est.,New Cars (14).mhtml
2025 Subaru Impreza,Sport AWD,"Doylestown, PA",72 mi away,"$30,270","$28,532",$535/mo est.,New Cars (14).mhtml
2025 Nissan Kicks,SR AWD,"Swarthmore, PA",99 mi away,"$30,540","$28,537",$535/mo est.,New Cars (14).mhtml
2025 Kia K4,GT-Line FWD,"Albany, NY",129 mi away,"$28,540","$28,540",$535/mo est.,New Cars (14).mhtml
2025 Ford Bronco Sport,Big Bend AWD,"Cheshire, CT",70 mi away,"$33,875","$28,541",$535/mo est.,New Cars (15).mhtml
2025 Ford Maverick,XL SuperCrew AWD,"Mendham, NJ",35 mi away,"$32,135","$28,549",$535/mo est.,New Cars (15).mhtml
2025 Nissan Altima,2.5 SV FWD,"Blackwood, NJ",95 mi away,"$30,750","$28,551",$535/mo est.,New Cars (15).mhtml
2025 Hyundai Elantra Hybrid,Limited FWD,"Milford, CT",51 mi away,"$31,055","$28,555",$535/mo est.,New Cars (15).mhtml
2025 Nissan Altima,2.5 SR FWD,"Totowa, NJ",17 mi away,"$31,915","$28,557",$535/mo est.,New Cars (15).mhtml
2025 Nissan Altima,2.5 SR FWD,"Totowa, NJ",17 mi away,"$31,915","$28,557",$535/mo est.,New Cars (15).mhtml
2025 Chevrolet Trailblazer,LT FWD,"Delran, NJ",77 mi away,"$28,575","$28,575",$536/mo est.,New Cars (15).mhtml
2025 Nissan Kicks,SV AWD,"Yonkers, NY",11 mi away,"$29,665","$28,581",$536/mo est.,New Cars (15).mhtml
2025 Volkswagen Jetta,SE FWD,"Paramus, NJ",10 mi away,"$28,584","$28,584",$536/mo est.,New Cars (15).mhtml
2025 Honda Civic Hatchback,Sport FWD,"Lebanon, PA",137 mi away,"$28,600","$28,600",$536/mo est.,New Cars (15).mhtml
2025 Honda Civic Hatchback,Sport FWD,"Lebanon, PA",137 mi away,"$28,600","$28,600",$536/mo est.,New Cars (15).mhtml
2025 Nissan Kicks,SR AWD,"Medford, MA",182 mi away,"$32,605","$28,605",$536/mo est.,New Cars (15).mhtml
2025 Kia Seltos,S AWD,"East Meadow, NY",21 mi away,"$28,605","$28,605",$536/mo est.,New Cars (15).mhtml
2025 Mazda CX-5,2.5 S Preferred AWD,"Laurel, MD",194 mi away,"$34,105","$28,606",$536/mo est.,New Cars (15).mhtml
2025 Hyundai Elantra,N Line FWD,"Milford, CT",51 mi away,"$31,110","$28,610",$536/mo est.,New Cars (15).mhtml
2025 Subaru Legacy,Premium AWD,"Riverhead, NY",65 mi away,"$31,619","$28,619",$536/mo est.,New Cars (15).mhtml
2025 Nissan Kicks,SR AWD,"Denville, NJ",31 mi away,"$31,120","$28,620",$536/mo est.,New Cars (15).mhtml
2024 Mitsubishi Eclipse Cross,ES S-AWC,"New Bedford, MA",165 mi away,"$28,625","$28,625",$541/mo est.,New Cars (15).mhtml
2025 Volkswagen Tiguan,S 4Motion,"Mohegan Lake, NY",35 mi away,"$33,121","$28,627",$537/mo est.,New Cars (15).mhtml
2025 Hyundai Elantra,Limited FWD,"Yorkville, NY",173 mi away,"$28,630","$28,630",$537/mo est.,New Cars (15).mhtml
2025 Mazda CX-30,2.5 S Select Sport AWD,"Bay Shore, NY",35 mi away,"$28,635","$28,635",$537/mo est.,New Cars (15).mhtml
2025 Mazda CX-5,2.5 S AWD,"Lenox, MA",115 mi away,"$31,140","$28,640",$537/mo est.,New Cars (15).mhtml
2025 Toyota Corolla,SE FWD,"Hudson, NY",105 mi away,"$28,644","$28,644",$537/mo est.,New Cars (16).mhtml
2025 Hyundai Elantra,Limited FWD,"Yorkville, NY",173 mi away,"$28,645","$28,645",$537/mo est.,New Cars (16).mhtml
2025 Nissan Rogue,S AWD,"St James, NY",41 mi away,"$32,200","$28,658",$537/mo est.,New Cars (16).mhtml
2025 Nissan Altima,2.5 SR FWD,"Quincy, MA",181 mi away,"$33,670","$28,670",$537/mo est.,New Cars (16).mhtml
2025 Nissan Sentra,SV FWD,"Yorktown Heights, NY",33 mi away,"$28,170","$28,670",$537/mo est.,New Cars (16).mhtml
2025 Hyundai Elantra Hybrid,SEL Sport FWD,"Old Saybrook, CT",87 mi away,"$29,200","$28,671",$537/mo est.,New Cars (16).mhtml
2025 Hyundai Elantra Hybrid,SEL Sport FWD,"Old Saybrook, CT",87 mi away,"$29,200","$28,671",$537/mo est.,New Cars (16).mhtml
2025 Mazda CX-30,2.5 S Select Sport AWD,"Yonkers, NY",9 mi away,,"$28,680",$538/mo est.,New Cars (16).mhtml
2025 Hyundai Elantra,Limited FWD,"Yorkville, NY",173 mi away,"$28,685","$28,685",$538/mo est.,New Cars (16).mhtml
2025 Mazda CX-5,2.5 S AWD,"Lenox, MA",115 mi away,"$31,185","$28,685",$538/mo est.,New Cars (16).mhtml
2025 Hyundai Elantra,Limited FWD,"Yorkville, NY",173 mi away,"$28,690","$28,690",$538/mo est.,New Cars (16).mhtml
2025 Mazda CX-5,2.5 S AWD,"Lenox, MA",115 mi away,"$31,190","$28,690",$538/mo est.,New Cars (16).mhtml
2024 Ford Escape,ST-Line FWD,"Harrisburg, PA",155 mi away,"$33,975","$28,695",$542/mo est.,New Cars (16).mhtml
2025 Hyundai Elantra Hybrid,SEL Sport FWD,"Queensbury, NY",173 mi away,"$29,280","$28,700",$538/mo est.,New Cars (16).mhtml
2025 Hyundai Elantra,Limited FWD,"Yorkville, NY",173 mi away,"$28,700","$28,700",$538/mo est.,New Cars (16).mhtml
2025 Hyundai Elantra,Limited FWD,"Yorkville, NY",173 mi away,"$28,705","$28,705",$538/mo est.,New Cars (16).mhtml
2025 Honda HR-V,LX AWD,"Port Jefferson Station, NY",47 mi away,"$28,705","$28,705",$538/mo est.,New Cars (16).mhtml
2025 Ford Bronco Sport,Big Bend AWD,"Columbia, MD",190 mi away,"$33,690","$28,708",$538/mo est.,New Cars (16).mhtml
2025 Subaru Legacy,Premium AWD,"Riverhead, NY",65 mi away,"$31,710","$28,710",$538/mo est.,New Cars (16).mhtml
2025 Ford Escape,ST-Line AWD,"Vauxhall, NJ",21 mi away,"$35,710","$28,710",$538/mo est.,New Cars (16).mhtml
2025 Ford Bronco Sport,Big Bend AWD,"Doylestown, PA",72 mi away,"$34,100","$28,713",$538/mo est.,New Cars (16).mhtml
2025 Mitsubishi Outlander Sport,ES AWC,"Wilmington, MA",185 mi away,"$28,720","$28,720",$538/mo est.,New Cars (16).mhtml
2025 Nissan Altima,2.5 SR AWD,"St James, NY",41 mi away,"$32,640","$28,723",$538/mo est.,New Cars (17).mhtml
2025 Kia K4,GT-Line FWD,"Albany, NY",129 mi away,"$28,730","$28,730",$539/mo est.,New Cars (17).mhtml
2025 Honda Prologue,EX AWD,"Laurel, MD",193 mi away,"$52,350","$28,739",$539/mo est.,New Cars (17).mhtml
2025 Hyundai Elantra Hybrid,SEL Sport FWD,"Freehold, NJ",43 mi away,"$28,740","$28,740",$539/mo est.,New Cars (17).mhtml
2025 Ford Bronco Sport,Big Bend AWD,"Mechanicsburg, PA",167 mi away,"$34,745","$28,745",$539/mo est.,New Cars (17).mhtml
2025 Chevrolet Malibu,RS FWD,"Derry, NH",196 mi away,"$28,745","$28,745",$539/mo est.,New Cars (17).mhtml
2025 Nissan Altima,2.5 S FWD,"Monmouth Junction, NJ",42 mi away,,"$28,750",$539/mo est.,New Cars (17).mhtml
2025 Honda HR-V,LX AWD,"Huntington, NY",29 mi away,"$28,750","$28,750",$539/mo est.,New Cars (17).mhtml
2024 Ford Escape,Active AWD,"Albany, NY",129 mi away,"$36,860","$28,750",$543/mo est.,New Cars (17).mhtml
2024 Ford Escape,Active AWD,"Albany, NY",129 mi away,"$36,860","$28,750",$543/mo est.,New Cars (17).mhtml
2025 Kia K4,GT-Line Turbo FWD,"Harrisburg, PA",157 mi away,"$31,765","$28,754",$539/mo est.,New Cars (17).mhtml
2025 Kia K4,GT-Line Turbo FWD,"Columbia, CT",105 mi away,"$29,960","$28,760",$539/mo est.,New Cars (17).mhtml
2025 Nissan Kicks,SV AWD,"Yorktown Heights, NY",33 mi away,"$28,775","$28,775",$539/mo est.,New Cars (17).mhtml
2025 Volkswagen Tiguan,S 4Motion,"Stamford, CT",25 mi away,"$33,882","$28,777",$539/mo est.,New Cars (17).mhtml
2025 Ford Bronco Sport,Big Bend AWD,"Baltimore, MD",173 mi away,"$34,040","$28,790",$540/mo est.,New Cars (17).mhtml
2025 Mazda CX-5,2.5 S AWD,"Lenox, MA",115 mi away,"$31,295","$28,795",$540/mo est.,New Cars (17).mhtml
2025 Hyundai Sonata,SE FWD,"Staten Island, NY",18 mi away,"$28,800","$28,800",$540/mo est.,New Cars (17).mhtml
2025 Volkswagen Jetta,SE FWD,"Clifton, NJ",15 mi away,"$28,809","$28,809",$540/mo est.,New Cars (17).mhtml
2025 Mitsubishi Outlander Sport,ES AWC,"Danvers, MA",194 mi away,"$28,810","$28,810",$540/mo est.,New Cars (17).mhtml
2025 Mitsubishi Outlander Sport,ES AWC,"Danvers, MA",194 mi away,"$28,810","$28,810",$540/mo est.,New Cars (17).mhtml
2025 Ford Escape,ST-Line AWD,"Vauxhall, NJ",21 mi away,"$35,815","$28,815",$540/mo est.,New Cars (17).mhtml
2025 Nissan Kicks,SR FWD,"Newark, DE",124 mi away,"$31,315","$28,816",$540/mo est.,New Cars (17).mhtml
2025 Mitsubishi Eclipse Cross,ES S-AWC,"Bronx, NY",7 mi away,"$28,820","$28,820",$540/mo est.,New Cars (18).mhtml
2025 Mitsubishi Eclipse Cross,ES S-AWC,"Bronx, NY",7 mi away,"$28,820","$28,820",$540/mo est.,New Cars (18).mhtml
2025 Mitsubishi Eclipse Cross,ES S-AWC,"Bronx, NY",7 mi away,"$28,820","$28,820",$540/mo est.,New Cars (18).mhtml
2025 Mitsubishi Outlander Sport,LE AWC,"East Petersburg, PA",137 mi away,"$29,820","$28,820",$540/mo est.,New Cars (18).mhtml
2025 Kia K4,GT-Line FWD,"Albany, NY",129 mi away,"$28,830","$28,830",$540/mo est.,New Cars (18).mhtml
2025 Nissan Altima,2.5 S FWD,"Blackwood, NJ",95 mi away,"$28,830","$28,830",$540/mo est.,New Cars (18).mhtml
2024 Nissan Altima,2.5 SV FWD,"Patchogue, NY",48 mi away,"$28,835","$28,835",$545/mo est.,New Cars (18).mhtml
2025 Chevrolet Equinox,ACTIV FWD,"Fitchburg, MA",164 mi away,"$34,345","$28,843",$541/mo est.,New Cars (18).mhtml
2025 Honda Accord,LX FWD,"Yorkville, NY",173 mi away,"$29,945","$28,845",$541/mo est.,New Cars (18).mhtml
2025 Nissan Sentra,SV FWD,"East Hanover, NJ",24 mi away,"$28,845","$28,845",$541/mo est.,New Cars (18).mhtml
2025 Nissan Sentra,SV FWD,"East Hanover, NJ",24 mi away,"$28,845","$28,845",$541/mo est.,New Cars (18).mhtml
2025 Honda Accord,LX FWD,"Yorkville, NY",173 mi away,"$29,945","$28,845",$541/mo est.,New Cars (18).mhtml
2025 Volkswagen Taos,SE Black 4Motion,"Watertown, MA",177 mi away,"$34,937","$28,855",$541/mo est.,New Cars (18).mhtml
2025 Nissan Altima,2.5 S FWD,"Blackwood, NJ",95 mi away,"$28,865","$28,865",$541/mo est.,New Cars (18).mhtml
2025 Ford Maverick,XL SuperCrew FWD,"Hazleton, PA",108 mi away,"$30,870","$28,870",$541/mo est.,New Cars (18).mhtml
2025 Kia K4,GT-Line FWD,"Coatesville, PA",113 mi away,"$28,870","$28,870",$541/mo est.,New Cars (18).mhtml
2025 Kia K4,GT-Line FWD,"Coatesville, PA",113 mi away,"$28,870","$28,870",$541/mo est.,New Cars (18).mhtml
2025 Ford Bronco Sport,Big Bend AWD,"Ephrata, PA",125 mi away,"$35,385","$28,873",$541/mo est.,New Cars (18).mhtml
2025 Mazda CX-5,2.5 S Select AWD,"Hamden, CT",65 mi away,"$31,875","$28,875",$541/mo est.,New Cars (18).mhtml
2025 Nissan Sentra,SR FWD,"Amityville, NY",28 mi away,,"$28,875",$541/mo est.,New Cars (18).mhtml
2025 Nissan Sentra,SR FWD,"Amityville, NY",28 mi away,,"$28,875",$541/mo est.,New Cars (18).mhtml
2025 Nissan Sentra,SR FWD,"Amityville, NY",28 mi away,,"$28,875",$541/mo est.,New Cars (18).mhtml
2025 Nissan Sentra,SR FWD,"Amityville, NY",28 mi away,,"$28,875",$541/mo est.,New Cars (19).mhtml
2025 Nissan Sentra,SR FWD,"Hainesport, NJ",74 mi away,"$28,890","$28,890",$542/mo est.,New Cars (19).mhtml
2025 Nissan Altima,2.5 SR AWD,"Old Saybrook, CT",87 mi away,"$33,440","$28,895",$542/mo est.,New Cars (19).mhtml
2024 Ford Bronco Sport,Big Bend AWD,"Ephrata, PA",125 mi away,"$33,540","$28,900",$546/mo est.,New Cars (19).mhtml
2024 Ford Bronco Sport,Big Bend AWD,"Ephrata, PA",125 mi away,"$33,100","$28,900",$546/mo est.,New Cars (19).mhtml
2025 Ford Escape Hybrid Plug-in,FWD,"Mendham, NJ",35 mi away,"$41,650","$28,900",$542/mo est.,New Cars (19).mhtml
2025 Honda Accord,LX FWD,"Ardmore, PA",91 mi away,"$29,945","$28,902",$542/mo est.,New Cars (19).mhtml
2025 Honda Accord,LX FWD,"Ardmore, PA",91 mi away,"$29,945","$28,902",$542/mo est.,New Cars (19).mhtml
2025 Honda Accord,LX FWD,"Ardmore, PA",91 mi away,"$29,945","$28,902",$542/mo est.,New Cars (19).mhtml
2025 Mitsubishi Outlander Sport,Trail Edition AWC,"Nashua, NH",184 mi away,"$31,515","$28,908",$542/mo est.,New Cars (19).mhtml
2025 Mazda CX-5,2.5 S AWD,"Hyannis, MA",197 mi away,"$31,365","$28,923",$542/mo est.,New Cars (19).mhtml
2025 Nissan Altima,2.5 SR FWD,"Danbury, CT",45 mi away,"$31,270","$28,923",$542/mo est.,New Cars (19).mhtml
2025 Kia K4,GT-Line FWD,"Warrington, PA",75 mi away,"$28,935","$28,935",$542/mo est.,New Cars (19).mhtml
2025 Nissan Kicks,SR AWD,"Exton, PA",105 mi away,"$31,340","$28,940",$542/mo est.,New Cars (19).mhtml
2025 Honda Accord,LX FWD,"Yorkville, NY",173 mi away,"$29,945","$28,945",$543/mo est.,New Cars (19).mhtml
2025 Honda Accord,LX FWD,"Philadelphia, PA",93 mi away,"$29,945","$28,952",$543/mo est.,New Cars (19).mhtml
2025 Kia Niro,LX FWD,"Riverdale, NJ",23 mi away,"$28,955","$28,955",$543/mo est.,New Cars (19).mhtml
2025 Mitsubishi Outlander Sport,ES AWC,"Watertown, CT",67 mi away,"$28,955","$28,955",$543/mo est.,New Cars (19).mhtml
2025 Mazda CX-30,2.5 S Select Sport AWD,"Springfield, MA",112 mi away,"$28,960","$28,960",$543/mo est.,New Cars (19).mhtml
2025 Mitsubishi Outlander Sport,LE AWC,"Wilmington, MA",185 mi away,"$28,970","$28,970",$543/mo est.,New Cars (19).mhtml
2025 Kia K4,GT-Line FWD,"Albany, NY",129 mi away,"$28,970","$28,970",$543/mo est.,New Cars (19).mhtml
2025 Chevrolet Trailblazer,LT AWD,"Lewisburg, PA",156 mi away,"$30,180","$28,977",$543/mo est.,New Cars (19).mhtml
2025 Ford Escape,Active AWD,"Huntington, NY",26 mi away,"$34,405","$27,403",$514/mo est.,New Cars (2).mhtml
2025 Nissan Sentra,SV FWD,"Hazle Township, PA",110 mi away,"$27,415","$27,415",$514/mo est.,New Cars (2).mhtml
2025 Nissan Sentra,SV FWD,"Hazle Township, PA",110 mi away,"$27,415","$27,415",$514/mo est.,New Cars (2).mhtml
2025 Kia K4,GT-Line Turbo FWD,"Watertown, CT",67 mi away,"$30,165","$27,415",$514/mo est.,New Cars (2).mhtml
2025 Kia K4,GT-Line FWD,"Bohemia, NY",43 mi away,"$28,685","$27,435",$514/mo est.,New Cars (2).mhtml
2025 Hyundai Elantra,SEL Convenience FWD,"Vestal, NY",137 mi away,"$27,435","$27,435",$514/mo est.,New Cars (2).mhtml
2025 Nissan Kicks,SR AWD,"Raynham, MA",168 mi away,"$29,935","$27,437",$514/mo est.,New Cars (2).mhtml
2025 Nissan Kicks,SR AWD,"Raynham, MA",168 mi away,"$29,935","$27,437",$514/mo est.,New Cars (2).mhtml
2025 Kia K4,GT-Line FWD,"Hackettstown, NJ",45 mi away,"$27,440","$27,440",$514/mo est.,New Cars (2).mhtml
2025 Subaru Legacy,Premium AWD,"Philadelphia, PA",91 mi away,"$31,309","$27,444",$514/mo est.,New Cars (2).mhtml
2025 Nissan Kicks,SR AWD,"Denville, NJ",31 mi away,"$29,960","$27,460",$515/mo est.,New Cars (2).mhtml
2025 Nissan Altima,2.5 SV FWD,"Montgomeryville, PA",80 mi away,"$29,515","$27,463",$515/mo est.,New Cars (2).mhtml
2025 Ford Escape Hybrid Plug-in,FWD,"Hurlock, MD",180 mi away,"$38,895","$27,467",$515/mo est.,New Cars (2).mhtml
2025 Nissan Kicks,SV AWD,"Limerick, PA",95 mi away,"$30,195","$27,475",$515/mo est.,New Cars (2).mhtml
2025 Nissan Kicks,SV AWD,"Wappingers Falls, NY",48 mi away,"$29,310","$27,485",$515/mo est.,New Cars (2).mhtml
2025 Hyundai Elantra Hybrid,Limited FWD,"Towson, MD",172 mi away,"$31,655","$27,488",$515/mo est.,New Cars (2).mhtml
2025 Nissan Sentra,SR FWD,"Old Saybrook, CT",87 mi away,"$29,625","$27,495",$515/mo est.,New Cars (2).mhtml
2025 Nissan Altima,2.5 S FWD,"Ardmore, PA",91 mi away,"$28,750","$27,495",$515/mo est.,New Cars (2).mhtml
2025 Ford Escape Hybrid Plug-in,FWD,"Albany, NY",129 mi away,"$40,890","$27,500",$516/mo est.,New Cars (2).mhtml
2025 Mazda CX-30,2.5 S AWD,"Springfield, MA",112 mi away,"$27,505","$27,505",$516/mo est.,New Cars (2).mhtml
2025 Hyundai Elantra,SEL Convenience FWD,"Staten Island, NY",18 mi away,"$27,505","$27,505",$516/mo est.,New Cars (2).mhtml
2025 Kia K4,GT-Line FWD,"Copiague, NY",28 mi away,"$28,765","$27,515",$516/mo est.,New Cars (2).mhtml
2025 Chevrolet Blazer,LT AWD,"Laurel, MD",195 mi away,"$37,590","$28,977",$543/mo est.,New Cars (20).mhtml
2025 Nissan Kicks,SR AWD,"Manchester, CT",100 mi away,"$31,230","$28,978",$543/mo est.,New Cars (20).mhtml
2025 Mazda CX-5,2.5 S Preferred AWD,"Laurel, MD",194 mi away,"$34,505","$28,980",$543/mo est.,New Cars (20).mhtml
2025 Nissan LEAF,SV Plus FWD,"Laurel, MD",195 mi away,"$38,335","$28,985",$543/mo est.,New Cars (20).mhtml
2025 Hyundai Sonata,SE FWD,"Brooklyn, NY",15 mi away,"$28,810","$28,985",$543/mo est.,New Cars (20).mhtml
2025 Nissan Kicks,SR FWD,"Laurel, MD",195 mi away,"$32,145","$28,985",$543/mo est.,New Cars (20).mhtml
2025 Ford Maverick,XL SuperCrew FWD,"Niantic, CT",96 mi away,"$29,940","$28,987",$543/mo est.,New Cars (20).mhtml
2025 Ford Maverick,XL SuperCrew FWD,"Lewistown, PA",192 mi away,"$30,960","$28,988",$543/mo est.,New Cars (20).mhtml
2025 Ford Maverick,XL SuperCrew AWD,"Mendham, NJ",35 mi away,"$32,315","$28,988",$543/mo est.,New Cars (20).mhtml
2025 Mitsubishi Outlander Sport,Trail Edition AWC,"Green Brook, NJ",33 mi away,"$32,260","$28,990",$543/mo est.,New Cars (20).mhtml
2025 Mazda CX-5,2.5 S Preferred AWD,"Laurel, MD",194 mi away,"$34,520","$28,992",$543/mo est.,New Cars (20).mhtml
2025 Ford Maverick,XL SuperCrew AWD,"Columbia, MD",190 mi away,"$32,160","$28,993",$543/mo est.,New Cars (20).mhtml
2025 MINI Cooper,S 4-Door Hatchback FWD,"Darien, CT",27 mi away,"$28,995","$28,995",$544/mo est.,New Cars (20).mhtml
2025 Mazda CX-50,2.5 S Select AWD,"Aberdeen, MD",151 mi away,"$33,810","$28,999",$544/mo est.,New Cars (20).mhtml
2024 Kia Sorento,LX FWD,"Egg Harbor Township, NJ",103 mi away,"$28,999","$28,999",$548/mo est.,New Cars (20).mhtml
2025 Nissan Kicks,SR AWD,"Kingston, MA",184 mi away,"$31,480","$29,000",$544/mo est.,New Cars (20).mhtml
2025 FIAT 500e,Giorgio Armani FWD,"Baltimore, MD",173 mi away,,"$29,000",$544/mo est.,New Cars (20).mhtml
2025 Kia Seltos,S AWD,"East Meadow, NY",21 mi away,"$29,000","$29,000",$544/mo est.,New Cars (20).mhtml
2025 Ford Bronco Sport,Big Bend AWD,"Schenectady, NY",135 mi away,"$32,990","$29,000",$544/mo est.,New Cars (20).mhtml
2025 Chevrolet Equinox EV,LT 2 FWD,"Timonium, MD",171 mi away,"$43,295","$29,000",$544/mo est.,New Cars (20).mhtml
2025 Chevrolet Equinox EV,LT 2 FWD,"Timonium, MD",171 mi away,"$43,295","$29,000",$544/mo est.,New Cars (20).mhtml
2025 Chevrolet Equinox EV,LT 2 FWD,"Timonium, MD",171 mi away,"$43,295","$29,000",$544/mo est.,New Cars (20).mhtml
2025 Hyundai Elantra Hybrid,Limited FWD,"Milford, CT",51 mi away,"$31,605","$29,105",$546/mo est.,New Cars (21).mhtml
2025 Ford Bronco Sport,Big Bend AWD,"Boyertown, PA",95 mi away,"$34,685","$29,109",$546/mo est.,New Cars (21).mhtml
2025 Kia Sportage Hybrid,LX AWD,"Lynn, MA",190 mi away,"$32,630","$29,115",$546/mo est.,New Cars (21).mhtml
2025 Nissan Sentra,SR FWD,"Hainesport, NJ",74 mi away,"$29,120","$29,120",$546/mo est.,New Cars (21).mhtml
2025 Kia K4,GT-Line FWD,"Albany, NY",129 mi away,"$29,125","$29,125",$546/mo est.,New Cars (21).mhtml
2025 Ford Maverick,XLT SuperCrew AWD,"Mechanicsburg, PA",167 mi away,"$32,340","$29,127",$546/mo est.,New Cars (21).mhtml
2025 Nissan Kicks,SV AWD,"Ardmore, PA",91 mi away,"$29,130","$29,130",$546/mo est.,New Cars (21).mhtml
2025 Mazda CX-30,2.5 S Preferred AWD,"Plainfield, CT",119 mi away,"$31,500","$29,136",$546/mo est.,New Cars (21).mhtml
2025 Ford Bronco Sport,Big Bend AWD,"Mechanicsburg, PA",167 mi away,"$34,145","$29,145",$546/mo est.,New Cars (21).mhtml
2025 Nissan Kicks,SR AWD,"Shamokin Dam, PA",151 mi away,"$29,935","$29,147",$546/mo est.,New Cars (21).mhtml
2025 Buick Envista,Avenir FWD,"Wakefield, MA",187 mi away,"$30,830","$29,156",$547/mo est.,New Cars (21).mhtml
2025 Kia K4,GT-Line FWD,"Bridgewater, NJ",38 mi away,"$29,160","$29,160",$547/mo est.,New Cars (21).mhtml
2025 Hyundai Sonata Hybrid,SEL FWD,"Salem, NH",193 mi away,"$29,160","$29,160",$547/mo est.,New Cars (21).mhtml
2025 Kia K4,GT-Line FWD,"Albany, NY",129 mi away,"$29,160","$29,160",$547/mo est.,New Cars (21).mhtml
2025 Nissan Sentra,SR FWD,"Ardmore, PA",91 mi away,"$29,535","$29,166",$547/mo est.,New Cars (21).mhtml
2025 Hyundai Kona,SEL AWD,"Philadelphia, PA",76 mi away,"$30,099","$29,168",$547/mo est.,New Cars (21).mhtml
2025 Ford Maverick,XL SuperCrew FWD,"Haverhill, MA",198 mi away,"$30,735","$29,168",$547/mo est.,New Cars (21).mhtml
2025 Nissan Altima,2.5 SR FWD,"Blackwood, NJ",95 mi away,"$31,940","$29,172",$547/mo est.,New Cars (21).mhtml
2025 Hyundai Elantra Hybrid,SEL Sport FWD,"Philadelphia, PA",76 mi away,"$29,795","$29,175",$547/mo est.,New Cars (21).mhtml
2025 Subaru Crosstrek,Sport AWD,"Northumberland, PA",149 mi away,"$34,840","$29,185",$547/mo est.,New Cars (21).mhtml
2025 Hyundai Elantra,Limited FWD,"Yorkville, NY",173 mi away,"$29,185","$29,185",$547/mo est.,New Cars (21).mhtml
2025 Nissan Altima,2.5 SR FWD,"Fairless Hills, PA",66 mi away,"$34,340","$29,189",$547/mo est.,New Cars (21).mhtml
2025 Ford Maverick,XL SuperCrew FWD,"Wilbraham, MA",118 mi away,"$30,860","$29,284",$549/mo est.,New Cars (22).mhtml
2025 Mazda CX-30,2.5 S Select Sport AWD,"Springfield, MA",112 mi away,"$29,285","$29,285",$549/mo est.,New Cars (22).mhtml
2025 Mitsubishi Eclipse Cross,SEL S-AWC,"Brookfield, CT",52 mi away,"$33,280","$29,286",$549/mo est.,New Cars (22).mhtml
2025 Ford Bronco Sport,Big Bend AWD,"Easton, PA",72 mi away,"$34,405","$29,286",$549/mo est.,New Cars (22).mhtml
2025 Nissan Kicks,SR AWD,"Fairless Hills, PA",66 mi away,"$34,455","$29,287",$549/mo est.,New Cars (22).mhtml
2025 Toyota Corolla,FX FWD,"Mount Kisco, NY",30 mi away,"$29,288","$29,288",$549/mo est.,New Cars (22).mhtml
2025 Mazda CX-5,2.5 S Preferred AWD,"Laurel, MD",194 mi away,"$34,890","$29,288",$549/mo est.,New Cars (22).mhtml
2025 Nissan Altima,2.5 SR AWD,"Medford, MA",182 mi away,"$36,290","$29,290",$549/mo est.,New Cars (22).mhtml
2024 Mazda CX-50,2.5 S Select AWD,"Lunenburg, MA",168 mi away,"$32,690","$29,292",$553/mo est.,New Cars (22).mhtml
2025 Ford Bronco Sport,Big Bend AWD,"Huntington, NY",26 mi away,"$33,875","$29,298",$549/mo est.,New Cars (22).mhtml
2025 Kia Niro EV,Wind FWD,"Putnam, CT",131 mi away,"$42,705","$29,299",$549/mo est.,New Cars (22).mhtml
2025 Nissan Kicks,SR AWD,"Yonkers, NY",11 mi away,"$30,190","$29,307",$549/mo est.,New Cars (22).mhtml
2025 Subaru Legacy,Premium AWD,"Stroudsburg, PA",68 mi away,"$31,514","$29,308",$549/mo est.,New Cars (22).mhtml
2025 Mazda CX-5,2.5 S Select AWD,"Yonkers, NY",9 mi away,"$32,060","$29,310",$549/mo est.,New Cars (22).mhtml
2025 Ford Escape,ST-Line AWD,"Vauxhall, NJ",21 mi away,"$36,310","$29,310",$549/mo est.,New Cars (22).mhtml
2025 Nissan Altima,2.5 SR FWD,"Middletown, CT",84 mi away,"$30,820","$29,320",$550/mo est.,New Cars (22).mhtml
2025 Nissan Altima,2.5 SR FWD,"Middletown, CT",84 mi away,"$30,820","$29,320",$550/mo est.,New Cars (22).mhtml
2025 Mazda CX-5,2.5 S AWD,"New Castle, DE",118 mi away,"$31,205","$29,324",$550/mo est.,New Cars (22).mhtml
2025 Kia Seltos,S AWD,"East Meadow, NY",21 mi away,"$29,325","$29,325",$550/mo est.,New Cars (22).mhtml
2025 Volkswagen Taos,SEL 4Motion,"Nanuet, NY",20 mi away,"$38,076","$29,326",$550/mo est.,New Cars (22).mhtml
2025 Mazda CX-5,2.5 S Select AWD,"Cranston, RI",143 mi away,"$32,330","$29,330",$550/mo est.,New Cars (22).mhtml
2025 Mazda CX-5,2.5 S Select AWD,"Yonkers, NY",9 mi away,"$32,085","$29,335",$550/mo est.,New Cars (22).mhtml
2025 Buick Encore GX,Preferred AWD,"Elkton, MD",129 mi away,"$29,730","$29,339",$550/mo est.,New Cars (23).mhtml
2025 Nissan Sentra,SR FWD,"Hillside, NJ",18 mi away,"$29,340","$29,340",$550/mo est.,New Cars (23).mhtml
2025 Nissan Altima,2.5 SR FWD,"Quincy, MA",181 mi away,"$34,340","$29,340",$550/mo est.,New Cars (23).mhtml
2025 Nissan Altima,2.5 SR FWD,"Quincy, MA",181 mi away,"$34,340","$29,340",$550/mo est.,New Cars (23).mhtml
2025 Nissan Altima,2.5 SR FWD,"Quincy, MA",181 mi away,"$34,340","$29,340",$550/mo est.,New Cars (23).mhtml
2025 Nissan Altima,2.5 SR FWD,"Quincy, MA",181 mi away,"$34,340","$29,340",$550/mo est.,New Cars (23).mhtml
2025 Mitsubishi Outlander Sport,ES AWC,"Framingham, MA",165 mi away,"$30,145","$29,345",$550/mo est.,New Cars (23).mhtml
2025 Nissan Altima,2.5 SR AWD,"Totowa, NJ",17 mi away,"$32,800","$29,345",$550/mo est.,New Cars (23).mhtml
2025 Ford Bronco Sport,Big Bend AWD,"Glen Burnie, MD",182 mi away,"$35,785","$29,349",$550/mo est.,New Cars (23).mhtml
2024 Mitsubishi Outlander Sport,,"Commack, NY",34 mi away,"$30,005","$29,349",$554/mo est.,New Cars (23).mhtml
2025 Mazda CX-5,2.5 S AWD,"Rensselaer, NY",128 mi away,"$31,365","$29,365",$550/mo est.,New Cars (23).mhtml
2025 Ford Bronco Sport,Big Bend AWD,"Cheshire, CT",70 mi away,"$33,665","$29,366",$550/mo est.,New Cars (23).mhtml
2025 Volkswagen Taos,SE Black 4Motion,"Medford, MA",182 mi away,"$34,482","$29,369",$551/mo est.,New Cars (23).mhtml
2025 Volkswagen Taos,SE Black 4Motion,"Medford, MA",182 mi away,"$34,482","$29,369",$551/mo est.,New Cars (23).mhtml
2025 Volkswagen Taos,SE Black 4Motion,"Medford, MA",182 mi away,"$34,482","$29,369",$551/mo est.,New Cars (23).mhtml
2025 Nissan Altima,2.5 SV FWD,"Hazle Township, PA",110 mi away,"$29,375","$29,375",$551/mo est.,New Cars (23).mhtml
2025 Nissan Altima,2.5 SV FWD,"Hazle Township, PA",110 mi away,"$29,375","$29,375",$551/mo est.,New Cars (23).mhtml
2025 Nissan Altima,2.5 SV FWD,"Hazle Township, PA",110 mi away,"$29,375","$29,375",$551/mo est.,New Cars (23).mhtml
2025 Ford Bronco Sport,Big Bend AWD,"Hanover, PA",176 mi away,"$32,990","$29,380",$551/mo est.,New Cars (23).mhtml
2025 Ford Bronco Sport,Big Bend AWD,"Hanover, PA",176 mi away,"$32,990","$29,380",$551/mo est.,New Cars (23).mhtml
2025 Mazda CX-5,2.5 S Preferred AWD,"Laurel, MD",194 mi away,"$35,005","$29,380",$551/mo est.,New Cars (23).mhtml
2025 Ford Maverick,XL SuperCrew AWD,"Philadelphia, PA",80 mi away,"$29,385","$29,385",$551/mo est.,New Cars (23).mhtml
2025 Mazda CX-5,2.5 S Select AWD,"Hamden, CT",65 mi away,"$32,385","$29,385",$551/mo est.,New Cars (24).mhtml
2025 Honda Accord,LX FWD,"West Roxbury, MA",174 mi away,"$29,390","$29,390",$551/mo est.,New Cars (24).mhtml
2025 Mazda CX-5,2.5 S Select AWD,"Yonkers, NY",9 mi away,"$32,150","$29,400",$551/mo est.,New Cars (24).mhtml
2025 Subaru Legacy,Premium AWD,"Bloomfield, NJ",14 mi away,"$30,401","$29,401",$551/mo est.,New Cars (24).mhtml
2024 Dodge Hornet,GT AWD,"Oneida, NY",180 mi away,"$36,080","$29,402",$555/mo est.,New Cars (24).mhtml
2025 Hyundai Kona,SEL AWD,"Auburn, MA",142 mi away,"$29,405","$29,405",$551/mo est.,New Cars (24).mhtml
2025 Mitsubishi Outlander Sport,Trail Edition AWC,"Nashua, NH",184 mi away,"$32,110","$29,406",$551/mo est.,New Cars (24).mhtml
2025 Ford Escape,Active AWD,"Staten Island, NY",23 mi away,"$35,720","$29,407",$551/mo est.,New Cars (24).mhtml
2025 Mazda CX-5,2.5 S Select AWD,"Yonkers, NY",9 mi away,"$32,165","$29,415",$551/mo est.,New Cars (24).mhtml
2025 Mazda CX-5,2.5 S Select AWD,"Hamden, CT",65 mi away,"$32,430","$29,430",$552/mo est.,New Cars (24).mhtml
2025 Kia Niro EV,Wind FWD,"Lawrence, MA",194 mi away,"$42,705","$29,430",$552/mo est.,New Cars (24).mhtml
2025 Nissan Kicks,SR AWD,"Newark, DE",124 mi away,"$31,930","$29,431",$552/mo est.,New Cars (24).mhtml
2025 Mazda CX-30,2.5 S Preferred AWD,"Rensselaer, NY",128 mi away,"$31,230","$29,433",$552/mo est.,New Cars (24).mhtml
2025 Hyundai Elantra Hybrid,SEL Sport FWD,"Freehold, NJ",43 mi away,"$29,435","$29,435",$552/mo est.,New Cars (24).mhtml
2025 Mazda CX-30,2.5 S Preferred AWD,"Lowell, MA",185 mi away,"$31,310","$29,443",$552/mo est.,New Cars (24).mhtml
2025 Honda Accord,LX FWD,"Port Jefferson Station, NY",47 mi away,"$29,445","$29,445",$552/mo est.,New Cars (24).mhtml
2025 Kia Sportage Hybrid,LX AWD,"Lynn, MA",190 mi away,"$32,630","$29,447",$552/mo est.,New Cars (24).mhtml
2025 Subaru Impreza,RS AWD,"Englewood, NJ",6 mi away,"$30,848","$29,451",$552/mo est.,New Cars (24).mhtml
2025 Nissan Altima,2.5 SV FWD,"Blackwood, NJ",95 mi away,"$32,325","$29,452",$552/mo est.,New Cars (24).mhtml
2025 Nissan Altima,2.5 SV FWD,"Blackwood, NJ",95 mi away,"$32,325","$29,452",$552/mo est.,New Cars (24).mhtml
2025 Ford Bronco Sport,Big Bend AWD,"Keyport, NJ",31 mi away,"$34,040","$29,453",$552/mo est.,New Cars (24).mhtml
2025 Ford Bronco Sport,Heritage AWD,"Sunbury, PA",150 mi away,"$36,955","$29,455",$552/mo est.,New Cars (24).mhtml
2025 Hyundai Santa Cruz,SE Crew Cab AWD,"Schenectady, NY",135 mi away,"$32,170","$29,455",$552/mo est.,New Cars (25).mhtml
2025 Ford Maverick,XL SuperCrew AWD,"Burnt Hills, NY",145 mi away,"$29,965","$29,463",$552/mo est.,New Cars (25).mhtml
2025 Hyundai Elantra,N Line FWD,"Willow Grove, PA",79 mi away,"$30,780","$29,464",$552/mo est.,New Cars (25).mhtml
2025 Ford Escape,ST-Line AWD,"Vauxhall, NJ",21 mi away,"$36,465","$29,465",$552/mo est.,New Cars (25).mhtml
2025 Mazda CX-5,2.5 S Select AWD,"Yonkers, NY",9 mi away,"$32,225","$29,475",$553/mo est.,New Cars (25).mhtml
2025 Buick Envista,Sport Touring FWD,"Woodbury, NJ",95 mi away,"$29,475","$29,475",$553/mo est.,New Cars (25).mhtml
2025 Volkswagen Tiguan,S 4Motion,"Mohegan Lake, NY",35 mi away,"$33,995","$29,475",$553/mo est.,New Cars (25).mhtml
2025 Volkswagen Tiguan,S 4Motion,"Mohegan Lake, NY",35 mi away,"$33,995","$29,475",$553/mo est.,New Cars (25).mhtml
2025 Ford Bronco Sport,Big Bend AWD,"Mechanicsburg, PA",167 mi away,"$34,685","$29,485",$553/mo est.,New Cars (25).mhtml
2025 Volkswagen Taos,S 4Motion,"Paramus, NJ",10 mi away,"$29,486","$29,486",$553/mo est.,New Cars (25).mhtml
2025 Chevrolet Trailblazer,LT AWD,"Muncy, PA",158 mi away,"$31,610","$29,488",$553/mo est.,New Cars (25).mhtml
2025 Honda Accord,LX FWD,"Toms River, NJ",61 mi away,"$29,490","$29,490",$553/mo est.,New Cars (25).mhtml
2025 Honda Accord,LX FWD,"Hanover, MA",184 mi away,"$29,490","$29,490",$553/mo est.,New Cars (25).mhtml
2025 Ford Maverick,XL SuperCrew AWD,"Chester, PA",103 mi away,"$31,490","$29,490",$553/mo est.,New Cars (25).mhtml
2025 Ford Bronco Sport,Outer Banks AWD,"Jersey City, NJ",12 mi away,"$33,990","$29,490",$553/mo est.,New Cars (25).mhtml
2025 Nissan Rogue,SV AWD,"Hainesport, NJ",74 mi away,"$35,470","$29,490",$553/mo est.,New Cars (25).mhtml
2025 Volkswagen Taos,S 4Motion,"Norristown, PA",90 mi away,"$29,495","$29,495",$553/mo est.,New Cars (25).mhtml
2025 Nissan Altima,2.5 SR FWD,"Old Saybrook, CT",87 mi away,"$34,430","$29,495",$553/mo est.,New Cars (25).mhtml
2025 Ford Escape Hybrid Plug-in,FWD,"Chester, PA",103 mi away,"$40,550","$29,495",$553/mo est.,New Cars (25).mhtml
2025 Ford Bronco Sport,Big Bend AWD,"Huntington, NY",26 mi away,"$34,270","$29,498",$553/mo est.,New Cars (25).mhtml
2025 Volkswagen Tiguan,S 4Motion,"Stratford, CT",49 mi away,,"$29,498",$553/mo est.,New Cars (25).mhtml
2024 Ford Escape,Active AWD,"Woodside, NY",5 mi away,"$38,585","$29,499",$557/mo est.,New Cars (25).mhtml
2025 Ford Bronco Sport,Big Bend AWD,"Philadelphia, PA",78 mi away,"$37,480","$29,499",$553/mo est.,New Cars (26).mhtml
2025 Ford Escape,Active AWD,"Rising Sun, MD",134 mi away,"$38,515","$29,500",$553/mo est.,New Cars (26).mhtml
2025 Ford Bronco Sport,Big Bend AWD,"Rising Sun, MD",134 mi away,"$34,280","$29,500",$553/mo est.,New Cars (26).mhtml
2025 Ford Bronco Sport,Big Bend AWD,"Rising Sun, MD",134 mi away,"$34,405","$29,500",$553/mo est.,New Cars (26).mhtml
2025 Ford Bronco Sport,Big Bend AWD,"Albany, NY",129 mi away,"$34,040","$29,500",$553/mo est.,New Cars (26).mhtml
2025 Volkswagen Taos,SE Black 4Motion,"Doylestown, PA",72 mi away,"$34,937","$29,506",$553/mo est.,New Cars (26).mhtml
2025 Kia K4,GT-Line Turbo FWD,"Denville, NJ",31 mi away,"$31,785","$29,513",$553/mo est.,New Cars (26).mhtml
2025 Kia Seltos,S AWD,"East Meadow, NY",21 mi away,"$29,520","$29,520",$553/mo est.,New Cars (26).mhtml
2025 Kia Seltos,S AWD,"East Meadow, NY",21 mi away,"$29,520","$29,520",$553/mo est.,New Cars (26).mhtml
2025 Kia Seltos,S AWD,"East Meadow, NY",21 mi away,"$29,520","$29,520",$553/mo est.,New Cars (26).mhtml
2025 Kia Seltos,S AWD,"East Meadow, NY",21 mi away,"$29,520","$29,520",$553/mo est.,New Cars (26).mhtml
2025 Kia Seltos,S AWD,"East Meadow, NY",21 mi away,"$29,520","$29,520",$553/mo est.,New Cars (26).mhtml
2025 Ford Bronco Sport,Big Bend AWD,"Hanover, PA",176 mi away,"$33,140","$29,521",$553/mo est.,New Cars (26).mhtml
2025 Ford Bronco Sport,Big Bend AWD,"Glen Burnie, MD",182 mi away,"$35,980","$29,522",$553/mo est.,New Cars (26).mhtml
2024 Hyundai Sonata Hybrid,SEL FWD,"Hicksville, NY",22 mi away,"$32,530","$29,530",$558/mo est.,New Cars (26).mhtml
2025 Honda Accord,LX FWD,"Westminster, MD",183 mi away,"$29,945","$29,533",$554/mo est.,New Cars (26).mhtml
2025 Ford Bronco Sport,Big Bend AWD,"Middle River, MD",167 mi away,"$34,685","$29,535",$554/mo est.,New Cars (26).mhtml
2025 Chevrolet Trailblazer,RS FWD,"Philadelphia, PA",95 mi away,"$31,270","$29,535",$554/mo est.,New Cars (26).mhtml
2025 Kia K4,GT-Line Turbo FWD,"Denville, NJ",31 mi away,"$31,785","$29,535",$554/mo est.,New Cars (26).mhtml
2025 Ford Maverick,XL SuperCrew AWD,"Philadelphia, PA",80 mi away,"$29,540","$29,540",$554/mo est.,New Cars (26).mhtml
2025 Ford Maverick,XL SuperCrew AWD,"Philadelphia, PA",80 mi away,"$29,540","$29,540",$554/mo est.,New Cars (26).mhtml
2025 Hyundai Sonata Hybrid,SEL FWD,"Salem, NH",193 mi away,"$29,540","$29,540",$554/mo est.,New Cars (26).mhtml
2025 Nissan Sentra,SR FWD,"Milford, CT",51 mi away,"$29,275","$29,540",$554/mo est.,New Cars (27).mhtml
2025 Subaru Impreza,RS AWD,"Pleasantville, NJ",104 mi away,"$33,175","$29,540",$554/mo est.,New Cars (27).mhtml
2025 Kia Sportage Hybrid,LX AWD,"Lynn, MA",190 mi away,"$32,630","$29,550",$554/mo est.,New Cars (27).mhtml
2025 Jeep Grand Cherokee,Laredo X 4WD,"Baltimore, MD",184 mi away,"$44,170","$29,561",$554/mo est.,New Cars (27).mhtml
2025 Jeep Grand Cherokee,Laredo X 4WD,"Baltimore, MD",184 mi away,"$44,170","$29,561",$554/mo est.,New Cars (27).mhtml
2025 Jeep Grand Cherokee,Laredo X 4WD,"Baltimore, MD",184 mi away,"$44,170","$29,561",$554/mo est.,New Cars (27).mhtml
2025 Jeep Grand Cherokee,Laredo X 4WD,"Baltimore, MD",184 mi away,"$44,170","$29,561",$554/mo est.,New Cars (27).mhtml
2025 Jeep Grand Cherokee,Laredo X 4WD,"Baltimore, MD",184 mi away,"$44,170","$29,561",$554/mo est.,New Cars (27).mhtml
2025 Subaru Legacy,Premium AWD,"Philadelphia, PA",91 mi away,"$33,837","$29,563",$554/mo est.,New Cars (27).mhtml
2025 Subaru Legacy,Premium AWD,"Leesport, PA",110 mi away,"$31,280","$29,567",$554/mo est.,New Cars (27).mhtml
2025 Subaru Legacy,Premium AWD,"Leesport, PA",110 mi away,"$31,280","$29,567",$554/mo est.,New Cars (27).mhtml
2025 Kia K4,GT-Line Turbo FWD,"Watertown, CT",67 mi away,"$32,330","$29,580",$554/mo est.,New Cars (27).mhtml
2025 Hyundai Kona,SEL AWD,"Downingtown, PA",111 mi away,"$29,584","$29,584",$555/mo est.,New Cars (27).mhtml
2025 Mazda CX-30,2.5 S Preferred AWD,"Rensselaer, NY",128 mi away,"$31,420","$29,585",$555/mo est.,New Cars (27).mhtml
2025 Nissan Sentra,SR FWD,"Hainesport, NJ",74 mi away,"$29,585","$29,585",$555/mo est.,New Cars (27).mhtml
2025 Hyundai Elantra Hybrid,Limited FWD,"Milford, CT",51 mi away,"$32,105","$29,605",$555/mo est.,New Cars (27).mhtml
2025 Nissan Altima,2.5 SR FWD,"Flemington, NJ",53 mi away,"$34,160","$29,612",$555/mo est.,New Cars (27).mhtml
2024 Ford Maverick,XL SuperCrew FWD,"Plymouth, MA",185 mi away,"$29,615","$29,615",$559/mo est.,New Cars (27).mhtml
2025 Nissan Kicks,SR AWD,"Medford, MA",182 mi away,"$33,615","$29,615",$555/mo est.,New Cars (27).mhtml
2025 Nissan Altima,2.5 SR AWD,"Totowa, NJ",17 mi away,"$33,115","$29,616",$555/mo est.,New Cars (27).mhtml
2025 Ford Maverick,XL SuperCrew FWD,"Columbia, CT",105 mi away,"$30,020","$29,618",$555/mo est.,New Cars (27).mhtml
2025 Ford Maverick,XL SuperCrew FWD,"Columbia, CT",105 mi away,"$30,020","$29,618",$555/mo est.,New Cars (27).mhtml
2025 Ford Bronco Sport,Big Bend AWD,"Glastonbury, CT",92 mi away,"$35,525","$29,620",$555/mo est.,New Cars (28).mhtml
2025 Hyundai Kona,SEL AWD,"Downingtown, PA",111 mi away,"$29,620","$29,620",$555/mo est.,New Cars (28).mhtml
2025 Nissan Sentra,SR FWD,"Jersey City, NJ",12 mi away,"$26,595","$29,625",$555/mo est.,New Cars (28).mhtml
2025 Hyundai Sonata,SEL FWD,"Auburn, MA",142 mi away,"$29,625","$29,625",$555/mo est.,New Cars (28).mhtml
2025 Nissan Sentra,SR FWD,"Amityville, NY",28 mi away,,"$29,625",$555/mo est.,New Cars (28).mhtml
2025 Nissan Sentra,SR FWD,"Amityville, NY",28 mi away,,"$29,625",$555/mo est.,New Cars (28).mhtml
2025 Nissan Sentra,SR FWD,"Amityville, NY",28 mi away,,"$29,625",$555/mo est.,New Cars (28).mhtml
2025 Ford Escape,Active AWD,"Staten Island, NY",23 mi away,"$34,875","$29,627",$555/mo est.,New Cars (28).mhtml
2025 Nissan Kicks,SR AWD,"White Marsh, MD",167 mi away,"$32,110","$29,628",$555/mo est.,New Cars (28).mhtml
2025 Nissan Rogue,SV AWD,"St James, NY",41 mi away,"$33,295","$29,633",$555/mo est.,New Cars (28).mhtml
2025 Hyundai Elantra Hybrid,SEL Sport FWD,"Newark, DE",124 mi away,"$29,635","$29,635",$555/mo est.,New Cars (28).mhtml
2025 Nissan Altima,2.5 SV AWD,"Schenectady, NY",134 mi away,"$32,660","$29,635",$555/mo est.,New Cars (28).mhtml
2025 Hyundai Sonata,SEL FWD,"Freehold, NJ",43 mi away,"$29,635","$29,635",$555/mo est.,New Cars (28).mhtml
2025 Subaru Legacy,Premium AWD,"Riverhead, NY",65 mi away,"$32,639","$29,639",$556/mo est.,New Cars (28).mhtml
2025 Subaru Legacy,Premium AWD,"Claremont, NH",192 mi away,"$32,517","$29,640",$556/mo est.,New Cars (28).mhtml
2025 Hyundai Elantra Hybrid,Limited FWD,"Milford, CT",51 mi away,"$32,140","$29,640",$556/mo est.,New Cars (28).mhtml
2024 Hyundai Tucson,SE FWD,"Scranton, PA",100 mi away,"$29,655","$29,655",$560/mo est.,New Cars (28).mhtml
2025 Kia Seltos,S AWD,"East Meadow, NY",21 mi away,"$29,655","$29,655",$556/mo est.,New Cars (28).mhtml
2025 Volkswagen Tiguan,S 4Motion,"Mohegan Lake, NY",35 mi away,"$34,182","$29,657",$556/mo est.,New Cars (28).mhtml
2025 Hyundai Elantra Hybrid,SEL Sport FWD,"Newark, DE",124 mi away,"$29,665","$29,665",$556/mo est.,New Cars (28).mhtml
2025 Nissan Sentra,SR FWD,"Amityville, NY",28 mi away,,"$29,675",$556/mo est.,New Cars (28).mhtml
2025 Nissan Sentra,SR FWD,"Amityville, NY",28 mi away,,"$29,675",$556/mo est.,New Cars (28).mhtml
2025 Ford Escape Hybrid,ST-Line Select AWD,"Vauxhall, NJ",21 mi away,"$36,680","$29,680",$556/mo est.,New Cars (29).mhtml
2025 Nissan Altima,2.5 SR FWD,"Exton, PA",105 mi away,"$34,685","$29,685",$556/mo est.,New Cars (29).mhtml
2025 Nissan Altima,2.5 SR FWD,"Raynham, MA",168 mi away,"$34,190","$29,694",$557/mo est.,New Cars (29).mhtml
2025 Nissan Rogue,Rock Creek AWD,"North Plainfield, NJ",30 mi away,"$36,850","$29,698",$557/mo est.,New Cars (29).mhtml
2025 Subaru Legacy,Premium AWD,"Riverhead, NY",65 mi away,"$32,704","$29,704",$557/mo est.,New Cars (29).mhtml
2025 Kia Niro EV,Wind FWD,"Jersey City, NJ",12 mi away,"$42,705","$29,705",$557/mo est.,New Cars (29).mhtml
2025 Nissan Kicks,SR AWD,"Hainesport, NJ",74 mi away,"$29,710","$29,710",$557/mo est.,New Cars (29).mhtml
2025 Ford Maverick,XLT SuperCrew AWD,"Vauxhall, NJ",21 mi away,"$32,960","$29,710",$557/mo est.,New Cars (29).mhtml
2025 Nissan Rogue,SV AWD,"St James, NY",41 mi away,"$33,385","$29,713",$557/mo est.,New Cars (29).mhtml
2025 Nissan Sentra,SR FWD,"Amityville, NY",28 mi away,,"$29,725",$557/mo est.,New Cars (29).mhtml
2025 Mitsubishi Outlander Sport,ES AWC,"Danvers, MA",194 mi away,"$29,735","$29,735",$557/mo est.,New Cars (29).mhtml
2025 Kia K4,GT-Line Turbo FWD,"East Hartford, CT",93 mi away,"$32,445","$29,735",$557/mo est.,New Cars (29).mhtml
2025 Kia K4,GT-Line Turbo FWD,"Albany, NY",129 mi away,"$29,735","$29,735",$557/mo est.,New Cars (29).mhtml
2025 Volkswagen Taos,S 4Motion,"Toms River, NJ",61 mi away,"$29,737","$29,737",$557/mo est.,New Cars (29).mhtml
2025 Hyundai Elantra Hybrid,SEL Sport FWD,"Harrisburg, PA",159 mi away,"$29,740","$29,740",$557/mo est.,New Cars (29).mhtml
2025 Hyundai Elantra Hybrid,SEL Sport FWD,"Yorkville, NY",173 mi away,"$29,740","$29,740",$557/mo est.,New Cars (29).mhtml
2025 Hyundai Elantra Hybrid,SEL Sport FWD,"Auburn, MA",142 mi away,"$29,740","$29,740",$557/mo est.,New Cars (29).mhtml
2025 Hyundai Elantra Hybrid,SEL Sport FWD,"Auburn, MA",142 mi away,"$29,740","$29,740",$557/mo est.,New Cars (29).mhtml
2025 Hyundai Elantra Hybrid,SEL Sport FWD,"Auburn, MA",142 mi away,"$29,740","$29,740",$557/mo est.,New Cars (29).mhtml
2025 Volkswagen Tiguan,SE 4Motion,"Watertown, MA",177 mi away,"$36,682","$29,742",$558/mo est.,New Cars (29).mhtml
2025 Mazda CX-5,2.5 S Select AWD,"Yonkers, NY",9 mi away,"$32,495","$29,745",$558/mo est.,New Cars (29).mhtml
2024 Honda Civic Hatchback,EX-L FWD,"Pompton Plains, NJ",22 mi away,"$29,745","$29,745",$562/mo est.,New Cars (29).mhtml
2025 Kia K4,GT-Line FWD,"Copiague, NY",28 mi away,"$28,765","$27,515",$516/mo est.,New Cars (3).mhtml
2025 Kia K4,GT-Line FWD,"Copiague, NY",28 mi away,"$28,765","$27,515",$516/mo est.,New Cars (3).mhtml
2025 Kia K4,GT-Line FWD,"Copiague, NY",28 mi away,"$28,765","$27,515",$516/mo est.,New Cars (3).mhtml
2025 Nissan Altima,2.5 SR AWD,"Brockton, MA",171 mi away,"$33,090","$27,516",$516/mo est.,New Cars (3).mhtml
2025 Nissan Altima,2.5 SR FWD,"St James, NY",41 mi away,"$31,270","$27,518",$516/mo est.,New Cars (3).mhtml
2025 Volkswagen Jetta,SE FWD,"Paramus, NJ",10 mi away,"$28,753","$27,528",$516/mo est.,New Cars (3).mhtml
2025 Volkswagen Taos,SE Black 4Motion,"Watertown, MA",177 mi away,"$34,926","$27,536",$516/mo est.,New Cars (3).mhtml
2025 Volkswagen Tiguan,S 4Motion,"Plainfield, CT",120 mi away,"$34,182","$27,546",$516/mo est.,New Cars (3).mhtml
2025 Mazda CX-30,2.5 S Select Sport AWD,"Lowell, MA",185 mi away,"$29,420","$27,553",$517/mo est.,New Cars (3).mhtml
2025 Mazda CX-30,2.5 S AWD,"West Chester, PA",107 mi away,"$27,555","$27,555",$517/mo est.,New Cars (3).mhtml
2025 Ford Maverick,XL SuperCrew AWD,"Foxboro, MA",164 mi away,"$30,065","$27,556",$517/mo est.,New Cars (3).mhtml
2025 Kia Sportage,LX AWD,"Baltimore, MD",173 mi away,"$30,935","$27,557",$517/mo est.,New Cars (3).mhtml
2025 Hyundai Elantra,Limited FWD,"Schenectady, NY",135 mi away,"$28,410","$27,558",$517/mo est.,New Cars (3).mhtml
2025 Nissan Kicks,SV AWD,"Hadley, MA",125 mi away,"$29,840","$27,569",$517/mo est.,New Cars (3).mhtml
2025 Hyundai Elantra,Limited FWD,"Jamaica, NY",10 mi away,"$28,580","$27,580",$517/mo est.,New Cars (3).mhtml
2025 Chevrolet Trax,RS with 2RS FWD,"Vernon Rockville, CT",101 mi away,"$27,585","$27,585",$517/mo est.,New Cars (3).mhtml
2025 Mazda CX-30,2.5 S Select Sport AWD,"Morristown, NJ",29 mi away,"$29,590","$27,590",$517/mo est.,New Cars (3).mhtml
2025 Nissan Sentra,SR FWD,"Old Saybrook, CT",87 mi away,"$29,625","$27,595",$517/mo est.,New Cars (3).mhtml
2024 Dodge Hornet,R/T Plus AWD,"Dartmouth, MA",164 mi away,"$52,330","$27,597",$521/mo est.,New Cars (3).mhtml
2025 Kia K4,GT-Line FWD,"Putnam, CT",131 mi away,"$29,060","$27,599",$517/mo est.,New Cars (3).mhtml
2025 Nissan Kicks,SR AWD,"Avenel, NJ",24 mi away,"$32,110","$27,627",$518/mo est.,New Cars (3).mhtml
2025 Buick Encore GX,Preferred AWD,"Poughkeepsie, NY",56 mi away,"$29,635","$27,635",$518/mo est.,New Cars (3).mhtml
2025 Chevrolet Equinox,LT FWD,"Oxford, PA",131 mi away,"$30,530","$29,749",$558/mo est.,New Cars (30).mhtml
2025 Mazda CX-5,2.5 S Select AWD,"Yonkers, NY",9 mi away,"$32,505","$29,755",$558/mo est.,New Cars (30).mhtml
2025 Hyundai Kona,SEL AWD,"Brooklyn, NY",15 mi away,"$29,590","$29,765",$558/mo est.,New Cars (30).mhtml
2025 Nissan Kicks,SR AWD,"Hadley, MA",125 mi away,"$31,930","$29,772",$558/mo est.,New Cars (30).mhtml
2025 Volkswagen Tiguan,S 4Motion,"Stamford, CT",25 mi away,"$34,119","$29,777",$558/mo est.,New Cars (30).mhtml
2024 Volkswagen Taos,SE Black 4Motion,"Stamford, CT",25 mi away,"$35,148","$29,777",$562/mo est.,New Cars (30).mhtml
2025 Kia K4,GT-Line Turbo FWD,"Nashua, NH",183 mi away,"$31,970","$29,779",$558/mo est.,New Cars (30).mhtml
2025 Mazda CX-5,2.5 S Select AWD,"Yonkers, NY",9 mi away,"$32,530","$29,780",$558/mo est.,New Cars (30).mhtml
2025 Nissan Kicks,SR AWD,"White Marsh, MD",167 mi away,"$32,290","$29,788",$558/mo est.,New Cars (30).mhtml
2025 Nissan Altima,2.5 SR FWD,"Fairless Hills, PA",66 mi away,"$35,045","$29,788",$558/mo est.,New Cars (30).mhtml
2025 Nissan Altima,2.5 SR FWD,"Fairless Hills, PA",66 mi away,"$35,045","$29,788",$558/mo est.,New Cars (30).mhtml
2025 Ford Maverick,XL SuperCrew AWD,"Ambler, PA",82 mi away,"$32,535","$29,788",$558/mo est.,New Cars (30).mhtml
2025 Nissan Kicks,SV AWD,"Ardmore, PA",91 mi away,"$29,790","$29,790",$558/mo est.,New Cars (30).mhtml
2025 Nissan Altima,2.5 SR FWD,"Quincy, MA",181 mi away,"$34,790","$29,790",$558/mo est.,New Cars (30).mhtml
2025 Subaru Legacy,Premium AWD,"Lumberton, NJ",75 mi away,"$32,349","$29,803",$559/mo est.,New Cars (30).mhtml
2025 Kia Seltos,LX AWD,"Hackettstown, NJ",45 mi away,"$26,805","$29,805",$559/mo est.,New Cars (30).mhtml
2025 Ford Bronco Sport,Big Bend AWD,"Mechanicsburg, PA",167 mi away,"$34,085","$29,829",$559/mo est.,New Cars (30).mhtml
2025 Volkswagen Tiguan,SE 4Motion,"Nanuet, NY",20 mi away,"$37,087","$29,837",$559/mo est.,New Cars (30).mhtml
2025 Ford Bronco Sport,Big Bend AWD,"Mechanicsburg, PA",167 mi away,"$34,100","$29,843",$559/mo est.,New Cars (30).mhtml
2025 Honda Accord,LX FWD,"Westford, MA",176 mi away,"$29,845","$29,845",$559/mo est.,New Cars (30).mhtml
2025 Subaru Crosstrek,Premium AWD,"Glen Burnie, MD",182 mi away,"$31,897","$29,849",$560/mo est.,New Cars (30).mhtml
2025 Nissan Altima,2.5 SR FWD,"Flemington, NJ",53 mi away,"$34,430","$29,852",$560/mo est.,New Cars (30).mhtml
2025 Ford Maverick,XL SuperCrew FWD,"Haverhill, MA",198 mi away,"$30,870","$29,870",$560/mo est.,New Cars (31).mhtml
2025 Hyundai Santa Cruz,SE Crew Cab AWD,"Torrington, CT",81 mi away,"$32,375","$29,875",$560/mo est.,New Cars (31).mhtml
2025 Volkswagen Taos,S 4Motion,"Paramus, NJ",10 mi away,"$29,875","$29,875",$560/mo est.,New Cars (31).mhtml
2025 Mazda CX-30,2.5 S Preferred AWD,"Lowell, MA",185 mi away,"$31,850","$29,876",$560/mo est.,New Cars (31).mhtml
2025 Hyundai Kona,SEL AWD,"Staten Island, NY",18 mi away,"$29,880","$29,880",$560/mo est.,New Cars (31).mhtml
2025 Hyundai Elantra Hybrid,SEL Sport FWD,"Brooklyn, NY",15 mi away,"$29,705","$29,880",$560/mo est.,New Cars (31).mhtml
2025 Mazda CX-5,2.5 S Select AWD,"Rensselaer, NY",128 mi away,"$32,740","$29,885",$560/mo est.,New Cars (31).mhtml
2025 Ford Bronco Sport,Big Bend AWD,"Lansdale, PA",82 mi away,"$35,990","$29,888",$560/mo est.,New Cars (31).mhtml
2025 Mazda CX-5,2.5 S Select AWD,"Yonkers, NY",9 mi away,"$32,640","$29,890",$560/mo est.,New Cars (31).mhtml
2025 Ford Bronco Sport,Big Bend AWD,"Washington, NJ",56 mi away,"$33,690","$29,890",$560/mo est.,New Cars (31).mhtml
2025 Mazda CX-5,2.5 S Select AWD,"Philadelphia, PA",93 mi away,"$32,785","$29,897",$560/mo est.,New Cars (31).mhtml
2025 Kia K4,GT-Line Turbo FWD,"Denville, NJ",31 mi away,"$32,200","$29,900",$560/mo est.,New Cars (31).mhtml
2025 Nissan Altima,2.5 SR FWD,"Flemington, NJ",53 mi away,"$34,480","$29,902",$560/mo est.,New Cars (31).mhtml
2024 Subaru Impreza,RS AWD,"Shrewsbury, MA",151 mi away,"$29,906","$29,906",$565/mo est.,New Cars (31).mhtml
2025 Kia K4,GT-Line Turbo FWD,"Albany, NY",129 mi away,"$29,910","$29,910",$561/mo est.,New Cars (31).mhtml
2025 Nissan Kicks,SR AWD,"Hainesport, NJ",74 mi away,"$29,935","$29,935",$561/mo est.,New Cars (31).mhtml
2025 Hyundai Santa Cruz,SEL Crew Cab AWD,"Schenectady, NY",135 mi away,"$33,955","$29,936",$561/mo est.,New Cars (31).mhtml
2025 Honda Accord,LX FWD,"Philadelphia, PA",77 mi away,"$29,945","$29,945",$561/mo est.,New Cars (31).mhtml
2025 Mitsubishi Outlander,SE FWD,"Pleasantville, NJ",104 mi away,"$37,465","$29,965",$562/mo est.,New Cars (31).mhtml
2025 Volkswagen Tiguan,S 4Motion,"Easton, PA",72 mi away,"$34,182","$29,972",$562/mo est.,New Cars (31).mhtml
2025 Ford Bronco Sport,Big Bend AWD,"Middle River, MD",167 mi away,"$35,180","$29,972",$562/mo est.,New Cars (31).mhtml
2024 Dodge Hornet,R/T Plus AWD,"Wilkes Barre, PA",104 mi away,"$50,085","$29,972",$566/mo est.,New Cars (31).mhtml
2025 Mitsubishi Outlander Sport,SE AWC,"East Petersburg, PA",137 mi away,"$30,975","$29,975",$562/mo est.,New Cars (32).mhtml
2025 Subaru Legacy,Premium AWD,"Hanover, PA",176 mi away,"$31,842","$29,975",$562/mo est.,New Cars (32).mhtml
2025 Ford Bronco Sport,Big Bend AWD,"Red Lion, PA",156 mi away,"$34,085","$29,975",$562/mo est.,New Cars (32).mhtml
2025 Mazda CX-5,2.5 S Select AWD,"Raynham, MA",169 mi away,"$32,640","$29,976",$562/mo est.,New Cars (32).mhtml
2025 Mazda CX-5,2.5 S Select AWD,"Yonkers, NY",9 mi away,"$32,730","$29,980",$562/mo est.,New Cars (32).mhtml
2025 Nissan Altima,2.5 SR AWD,"Queensbury, NY",173 mi away,"$35,980","$29,980",$562/mo est.,New Cars (32).mhtml
2025 Mazda CX-5,2.5 S Select AWD,"Philadelphia, PA",93 mi away,"$32,890","$29,981",$562/mo est.,New Cars (32).mhtml
2025 Ford Bronco Sport,Big Bend AWD,"Scranton, PA",99 mi away,"$33,885","$29,985",$562/mo est.,New Cars (32).mhtml
2025 Nissan Altima,2.5 SR FWD,"Bel Air, MD",158 mi away,"$34,430","$29,987",$562/mo est.,New Cars (32).mhtml
2025 Ford Bronco Sport,Heritage AWD,"Willow Street, PA",137 mi away,"$35,990","$29,990",$562/mo est.,New Cars (32).mhtml
2025 Kia K4,GT-Line Turbo FWD,"Jersey City, NJ",12 mi away,"$31,990","$29,990",$562/mo est.,New Cars (32).mhtml
2024 Ford Mustang Mach-E,Select AWD,"Plainville, CT",82 mi away,"$46,990","$29,993",$566/mo est.,New Cars (32).mhtml
2025 Nissan Altima,2.5 SV FWD,"Yorkville, NY",173 mi away,"$31,005","$29,995",$562/mo est.,New Cars (32).mhtml
2025 FIAT 500e,Giorgio Armani FWD,"New York, NY",5 mi away,"$37,495","$29,995",$562/mo est.,New Cars (32).mhtml
2025 FIAT 500e,Giorgio Armani FWD,"New York, NY",5 mi away,"$37,495","$29,995",$562/mo est.,New Cars (32).mhtml
2025 FIAT 500e,Giorgio Armani FWD,"New York, NY",5 mi away,"$37,495","$29,995",$562/mo est.,New Cars (32).mhtml
2025 FIAT 500e,Giorgio Armani FWD,"New York, NY",5 mi away,"$37,495","$29,995",$562/mo est.,New Cars (32).mhtml
2025 FIAT 500e,Giorgio Armani FWD,"New York, NY",5 mi away,"$37,495","$29,995",$562/mo est.,New Cars (32).mhtml
2025 FIAT 500e,Giorgio Armani FWD,"New York, NY",5 mi away,"$37,495","$29,995",$562/mo est.,New Cars (32).mhtml
2025 FIAT 500e,Giorgio Armani FWD,"New York, NY",5 mi away,"$37,495","$29,995",$562/mo est.,New Cars (32).mhtml
2025 Nissan Altima,2.5 SR FWD,"Warwick, RI",144 mi away,"$32,500","$29,995",$562/mo est.,New Cars (32).mhtml
2025 Subaru Forester,,"Johnstown, NY",152 mi away,"$29,995","$29,995",$562/mo est.,New Cars (32).mhtml
2025 Ford Bronco Sport,Big Bend AWD,"Hanover, PA",176 mi away,"$33,690","$30,058",$563/mo est.,New Cars (33).mhtml
2025 Honda HR-V,Sport AWD,"Wilkes-Barre, PA",104 mi away,"$30,505","$30,058",$563/mo est.,New Cars (33).mhtml
2025 Ford Maverick,XL SuperCrew AWD,"Lakewood, NJ",53 mi away,"$32,060","$30,060",$563/mo est.,New Cars (33).mhtml
2025 Mazda CX-5,2.5 S Select AWD,"New London, CT",101 mi away,"$32,075","$30,073",$564/mo est.,New Cars (33).mhtml
2025 Hyundai Sonata,SEL FWD,"Staten Island, NY",18 mi away,"$30,080","$30,080",$564/mo est.,New Cars (33).mhtml
2024 Hyundai Kona,SEL AWD,"Bloomfield, NJ",14 mi away,"$31,569","$30,081",$568/mo est.,New Cars (33).mhtml
2025 Kia K4,GT-Line Turbo FWD,"Bridgewater, NJ",38 mi away,"$30,085","$30,085",$564/mo est.,New Cars (33).mhtml
2025 Kia Sorento,LX FWD,"Quakertown, PA",80 mi away,"$33,590","$30,090",$564/mo est.,New Cars (33).mhtml
2025 Hyundai Elantra,N Line FWD,"Queensbury, NY",173 mi away,"$30,890","$30,092",$564/mo est.,New Cars (33).mhtml
2025 Ford Maverick,XLT SuperCrew AWD,"Annapolis, MD",189 mi away,"$35,895","$30,103",$564/mo est.,New Cars (33).mhtml
2025 Nissan Altima,2.5 SR FWD,"Vineland, NJ",111 mi away,,"$30,106",$564/mo est.,New Cars (33).mhtml
2025 Mazda CX-5,2.5 S Select AWD,"Westwood, MA",171 mi away,"$33,130","$30,114",$564/mo est.,New Cars (33).mhtml
2025 Kia Sorento,LX FWD,"Attleboro, MA",153 mi away,"$33,630","$30,130",$565/mo est.,New Cars (33).mhtml
2025 Nissan Altima,2.5 SR FWD,"Flemington, NJ",53 mi away,"$34,775","$30,144",$565/mo est.,New Cars (33).mhtml
2025 Nissan Rogue,S AWD,"White Marsh, MD",167 mi away,"$33,145","$30,152",$565/mo est.,New Cars (33).mhtml
2025 Subaru Impreza,RS AWD,"Huntington, NY",30 mi away,"$30,153","$30,153",$565/mo est.,New Cars (33).mhtml
2025 Ford Bronco Sport,Big Bend AWD,"Rutland, VT",197 mi away,"$33,320","$30,154",$565/mo est.,New Cars (33).mhtml
2025 Ford Maverick,XL SuperCrew AWD,"Hurlock, MD",180 mi away,"$32,555","$30,159",$565/mo est.,New Cars (33).mhtml
2025 Ford Maverick,XL SuperCrew AWD,"Hurlock, MD",180 mi away,"$32,555","$30,159",$565/mo est.,New Cars (33).mhtml
2025 Ford Maverick,XL SuperCrew AWD,"Hurlock, MD",180 mi away,"$32,555","$30,159",$565/mo est.,New Cars (33).mhtml
2025 Ford Maverick,XL SuperCrew AWD,"Hurlock, MD",180 mi away,"$32,555","$30,159",$565/mo est.,New Cars (33).mhtml
2025 Ford Maverick,XL SuperCrew AWD,"Hurlock, MD",180 mi away,"$32,555","$30,159",$565/mo est.,New Cars (33).mhtml
2025 Ford Maverick,XL SuperCrew AWD,"Hurlock, MD",180 mi away,"$32,555","$30,159",$565/mo est.,New Cars (34).mhtml
2025 Ford Bronco Sport,Big Bend AWD,"Baltimore, MD",173 mi away,"$35,585","$30,159",$565/mo est.,New Cars (34).mhtml
2025 Nissan Altima,2.5 SV AWD,"Queensbury, NY",173 mi away,"$32,160","$30,160",$565/mo est.,New Cars (34).mhtml
2025 Ford Bronco Sport,Heritage AWD,"Willow Street, PA",137 mi away,"$37,170","$30,170",$566/mo est.,New Cars (34).mhtml
2025 Ford Maverick,XLT SuperCrew FWD,"Chester, PA",103 mi away,"$32,340","$30,172",$566/mo est.,New Cars (34).mhtml
2025 Nissan Kicks,SV AWD,"Hainesport, NJ",74 mi away,"$30,175","$30,175",$566/mo est.,New Cars (34).mhtml
2025 Subaru Impreza,RS AWD,"Plains, PA",103 mi away,"$31,764","$30,176",$566/mo est.,New Cars (34).mhtml
2025 Ford Bronco Sport,Big Bend AWD,"Nashua, NH",184 mi away,"$33,690","$30,179",$566/mo est.,New Cars (34).mhtml
2025 Ford Bronco Sport,Big Bend AWD,"Mechanicsburg, PA",167 mi away,"$35,680","$30,180",$566/mo est.,New Cars (34).mhtml
2025 Kia K4,GT-Line Turbo FWD,"Bridgewater, NJ",38 mi away,"$30,185","$30,185",$566/mo est.,New Cars (34).mhtml
2025 Hyundai Kona,SEL AWD,"New Rochelle, NY",10 mi away,"$30,185","$30,185",$566/mo est.,New Cars (34).mhtml
2025 Kia Sportage Hybrid,LX FWD,"Toms River, NJ",59 mi away,"$30,185","$30,185",$566/mo est.,New Cars (34).mhtml
2025 Nissan Altima,2.5 SR AWD,"Blackwood, NJ",95 mi away,"$32,985","$30,188",$566/mo est.,New Cars (34).mhtml
2025 Nissan Kicks,SR AWD,"Raynham, MA",168 mi away,"$32,110","$30,190",$566/mo est.,New Cars (34).mhtml
2025 Nissan Kicks,SR AWD,"Raynham, MA",168 mi away,"$32,340","$30,194",$566/mo est.,New Cars (34).mhtml
2025 Nissan Kicks,SR AWD,"Raynham, MA",168 mi away,"$32,340","$30,194",$566/mo est.,New Cars (34).mhtml
2025 Mazda CX-5,2.5 S Select AWD,"New Rochelle, NY",10 mi away,"$32,495","$30,195",$566/mo est.,New Cars (34).mhtml
2025 Nissan Altima,2.5 SR AWD,"Raynham, MA",168 mi away,"$35,690","$30,195",$566/mo est.,New Cars (34).mhtml
2025 Kia K4,GT-Line Turbo FWD,"Denville, NJ",31 mi away,"$32,445","$30,195",$566/mo est.,New Cars (34).mhtml
2025 Nissan Altima,2.5 SV AWD,"Marlborough, MA",164 mi away,"$33,355","$30,197",$566/mo est.,New Cars (34).mhtml
2025 Kia Seltos,EX AWD,"Jamaica, NY",9 mi away,,"$30,210",$566/mo est.,New Cars (34).mhtml
2025 Ford Escape Hybrid Plug-in,FWD,"Mendham, NJ",35 mi away,"$41,650","$30,213",$566/mo est.,New Cars (34).mhtml
2025 Kia K4,GT-Line Turbo FWD,"Yonkers, NY",11 mi away,"$31,465","$30,215",$566/mo est.,New Cars (35).mhtml
2024 Hyundai Sonata,SEL FWD,"Salem, NH",193 mi away,"$30,215","$30,215",$571/mo est.,New Cars (35).mhtml
2025 Hyundai Tucson,SE AWD,"Framingham, MA",165 mi away,"$32,720","$30,220",$566/mo est.,New Cars (35).mhtml
2025 Subaru Legacy,Premium AWD,"Englewood, NJ",6 mi away,"$31,629","$30,222",$566/mo est.,New Cars (35).mhtml
2025 Ford Maverick,XL SuperCrew FWD,"Lebanon, PA",132 mi away,"$30,795","$30,223",$567/mo est.,New Cars (35).mhtml
2025 Subaru Legacy,Premium AWD,"Stroudsburg, PA",68 mi away,"$32,514","$30,238",$567/mo est.,New Cars (35).mhtml
2025 Subaru Legacy,Premium AWD,"Stroudsburg, PA",68 mi away,"$32,514","$30,238",$567/mo est.,New Cars (35).mhtml
2025 Nissan Altima,2.5 SV AWD,"Schenectady, NY",134 mi away,"$33,265","$30,240",$567/mo est.,New Cars (35).mhtml
2025 Ford Bronco Sport,Big Bend AWD,"Nazareth, PA",73 mi away,"$33,690","$30,248",$567/mo est.,New Cars (35).mhtml
2025 Subaru Legacy,Premium AWD,"Somerset, NJ",38 mi away,"$31,655","$30,249",$567/mo est.,New Cars (35).mhtml
2025 Kia Seltos,EX AWD,"East Meadow, NY",21 mi away,"$30,260","$30,260",$567/mo est.,New Cars (35).mhtml
2025 Mazda CX-30,2.5 S Select Sport AWD,"Mechanicsburg, PA",166 mi away,"$31,685","$30,260",$567/mo est.,New Cars (35).mhtml
2025 Toyota Corolla,XSE FWD,"Airmont , NY",22 mi away,"$30,264","$30,264",$567/mo est.,New Cars (35).mhtml
2025 Ford Maverick,XLT SuperCrew FWD,"Morristown, NJ",28 mi away,"$33,270","$30,270",$567/mo est.,New Cars (35).mhtml
2025 Mazda CX-30,2.5 S Preferred AWD,"Lunenburg, MA",168 mi away,"$31,060","$30,270",$567/mo est.,New Cars (35).mhtml
2024 Volkswagen Taos,SE Black 4Motion,"Stamford, CT",25 mi away,"$35,230","$30,277",$572/mo est.,New Cars (35).mhtml
2025 Mazda CX-30,2.5 S Preferred AWD,"Wakefield, RI",134 mi away,"$31,680","$30,278",$568/mo est.,New Cars (35).mhtml
2025 Ford Escape,Active AWD,"Rutland, VT",197 mi away,"$35,635","$30,279",$568/mo est.,New Cars (35).mhtml
2025 Nissan Altima,2.5 SV AWD,"New Hampton, NY",48 mi away,"$31,780","$30,280",$568/mo est.,New Cars (35).mhtml
2025 Nissan Altima,2.5 SV FWD,"Monmouth Junction, NJ",42 mi away,,"$30,280",$568/mo est.,New Cars (35).mhtml
2025 Subaru Legacy,Premium AWD,"Roslyn, NY",13 mi away,"$31,103","$30,281",$568/mo est.,New Cars (35).mhtml
2025 Ford Bronco Sport,Big Bend AWD,"Reading, PA",114 mi away,"$34,285","$30,285",$568/mo est.,New Cars (35).mhtml
2025 Kia Sportage,LX AWD,"Lake Katrine, NY",80 mi away,"$30,940","$30,294",$568/mo est.,New Cars (36).mhtml
2025 Volkswagen Taos,SE 4Motion,"Paramus, NJ",10 mi away,"$32,221","$30,296",$568/mo est.,New Cars (36).mhtml
2025 Volkswagen Taos,SE 4Motion,"Paramus, NJ",10 mi away,"$32,221","$30,296",$568/mo est.,New Cars (36).mhtml
2025 Volkswagen Taos,SE 4Motion,"Paramus, NJ",10 mi away,"$32,221","$30,296",$568/mo est.,New Cars (36).mhtml
2025 Volkswagen Taos,SE 4Motion,"Paramus, NJ",10 mi away,"$32,221","$30,296",$568/mo est.,New Cars (36).mhtml
2025 Ford Bronco Sport,Big Bend AWD,"Paoli, PA",98 mi away,,"$30,297",$568/mo est.,New Cars (36).mhtml
2025 Ford Bronco Sport,Big Bend AWD,"Huntington, NY",26 mi away,"$34,870","$30,298",$568/mo est.,New Cars (36).mhtml
2025 Hyundai Kona,SEL Convenience AWD,"Milford, CT",51 mi away,"$32,299","$30,299",$568/mo est.,New Cars (36).mhtml
2025 Honda Accord,SE FWD,"Cockeysville, MD",171 mi away,"$31,755","$30,319",$568/mo est.,New Cars (36).mhtml
2025 Honda Accord,SE FWD,"Hamburg, PA",110 mi away,"$31,710","$30,324",$568/mo est.,New Cars (36).mhtml
2025 Honda Accord,SE FWD,"Hamburg, PA",110 mi away,"$31,710","$30,324",$568/mo est.,New Cars (36).mhtml
2025 Honda Accord,SE FWD,"Hamburg, PA",110 mi away,"$31,710","$30,324",$568/mo est.,New Cars (36).mhtml
2025 Honda Accord,SE FWD,"Hamburg, PA",110 mi away,"$31,710","$30,324",$568/mo est.,New Cars (36).mhtml
2025 Honda Accord,SE FWD,"Hamburg, PA",110 mi away,"$31,710","$30,324",$568/mo est.,New Cars (36).mhtml
2025 Honda Accord,SE FWD,"Hamburg, PA",110 mi away,"$31,710","$30,324",$568/mo est.,New Cars (36).mhtml
2025 Honda Accord,SE FWD,"Hamburg, PA",110 mi away,"$31,710","$30,324",$568/mo est.,New Cars (36).mhtml
2025 Ford Bronco Sport,Big Bend AWD,"Washington, NJ",56 mi away,"$34,040","$30,332",$569/mo est.,New Cars (36).mhtml
2025 Ford Maverick,XL SuperCrew AWD,"Philadelphia, PA",80 mi away,"$30,335","$30,335",$569/mo est.,New Cars (36).mhtml
2025 Mazda CX-5,2.5 S Preferred AWD,"Annapolis, MD",188 mi away,"$33,925","$30,336",$569/mo est.,New Cars (36).mhtml
2025 Nissan Altima,2.5 SR FWD,"St James, NY",41 mi away,"$34,480","$30,342",$569/mo est.,New Cars (36).mhtml
2025 Ford Bronco Sport,Big Bend AWD,"Newtown, PA",67 mi away,"$34,100","$30,343",$569/mo est.,New Cars (36).mhtml
2025 Ford Maverick,XL SuperCrew AWD,"Mendham, NJ",35 mi away,"$32,160","$30,345",$569/mo est.,New Cars (36).mhtml
2025 Ford Escape,ST-Line FWD,"Burlington, NJ",70 mi away,"$31,480","$30,349",$569/mo est.,New Cars (37).mhtml
2025 Mazda CX-5,2.5 S AWD,"Trevose, PA",73 mi away,"$31,140","$30,349",$569/mo est.,New Cars (37).mhtml
2025 Kia Seltos,SX AWD,"New Hampton, NY",48 mi away,"$33,850","$30,350",$569/mo est.,New Cars (37).mhtml
2025 Nissan Kicks,SV AWD,"Edison, NJ",33 mi away,"$31,790","$30,353",$569/mo est.,New Cars (37).mhtml
2025 Nissan Sentra,SR FWD,"Hillside, NJ",18 mi away,"$30,355","$30,355",$569/mo est.,New Cars (37).mhtml
2025 Mazda CX-5,2.5 S Preferred AWD,"Seekonk, MA",151 mi away,"$34,050","$30,358",$569/mo est.,New Cars (37).mhtml
2025 Mazda CX-5,2.5 S Preferred AWD,"Hamden, CT",65 mi away,"$33,360","$30,360",$569/mo est.,New Cars (37).mhtml
2025 Buick Envista,Avenir FWD,"Poughkeepsie, NY",56 mi away,"$31,585","$30,362",$569/mo est.,New Cars (37).mhtml
2025 Buick Envista,Avenir FWD,"Poughkeepsie, NY",56 mi away,"$31,585","$30,362",$569/mo est.,New Cars (37).mhtml
2025 Ford Maverick,XL SuperCrew FWD,"Old Bridge, NJ",36 mi away,"$31,365","$30,365",$569/mo est.,New Cars (37).mhtml
2025 Honda Accord,SE FWD,"Hamburg, PA",110 mi away,"$31,755","$30,369",$569/mo est.,New Cars (37).mhtml
2025 Nissan Kicks,SR AWD,"Hainesport, NJ",74 mi away,"$30,370","$30,370",$569/mo est.,New Cars (37).mhtml
2025 Ford Bronco Sport,Big Bend AWD,"Newtown, PA",67 mi away,"$34,145","$30,385",$570/mo est.,New Cars (37).mhtml
2025 Nissan Altima,2.5 SL FWD,"Exton, PA",105 mi away,"$36,390","$30,390",$570/mo est.,New Cars (37).mhtml
2025 Subaru Legacy,Premium AWD,"Northumberland, PA",149 mi away,"$33,573","$30,392",$570/mo est.,New Cars (37).mhtml
2025 Mazda CX-5,2.5 S Select AWD,"New Rochelle, NY",10 mi away,"$32,695","$30,395",$570/mo est.,New Cars (37).mhtml
2025 Honda HR-V,Sport AWD,"North Dartmouth, MA",163 mi away,"$30,395","$30,395",$570/mo est.,New Cars (37).mhtml
2025 Ford Bronco Sport,Big Bend AWD,"Glen Burnie, MD",182 mi away,"$36,975","$30,408",$570/mo est.,New Cars (37).mhtml
2025 Ford Maverick,XLT SuperCrew FWD,"Summit, NJ",24 mi away,"$33,410","$30,410",$570/mo est.,New Cars (37).mhtml
2025 Mazda CX-5,2.5 S Preferred AWD,"Rensselaer, NY",128 mi away,"$33,450","$30,412",$570/mo est.,New Cars (37).mhtml
2025 Honda HR-V,Sport AWD,"Yonkers, NY",11 mi away,"$30,805","$30,421",$570/mo est.,New Cars (37).mhtml
2025 Honda HR-V,Sport AWD,"Yonkers, NY",11 mi away,"$30,805","$30,421",$570/mo est.,New Cars (37).mhtml
2025 Honda HR-V,Sport AWD,"Yonkers, NY",11 mi away,"$30,805","$30,421",$570/mo est.,New Cars (38).mhtml
2025 Mazda CX-5,2.5 S Preferred AWD,"Rensselaer, NY",128 mi away,"$33,470","$30,428",$570/mo est.,New Cars (38).mhtml
2025 Mazda CX-5,2.5 S Select AWD,"Westwood, MA",171 mi away,"$33,585","$30,429",$570/mo est.,New Cars (38).mhtml
2025 Ford Maverick,XL SuperCrew FWD,"Bethlehem, PA",80 mi away,"$29,940","$30,430",$570/mo est.,New Cars (38).mhtml
2025 Nissan Altima,2.5 SR FWD,"Blackwood, NJ",95 mi away,"$34,430","$30,430",$570/mo est.,New Cars (38).mhtml
2025 Ford Bronco Sport,Big Bend AWD,"Bel Air, MD",158 mi away,"$36,330","$30,438",$571/mo est.,New Cars (38).mhtml
2025 Mitsubishi Eclipse Cross,LE S-AWC,"New Bedford, MA",165 mi away,"$30,440","$30,440",$571/mo est.,New Cars (38).mhtml
2024 Kia Sportage Hybrid,LX AWD,"Abington, PA",79 mi away,"$32,570","$30,442",$575/mo est.,New Cars (38).mhtml
2025 Volkswagen Taos,SE 4Motion,"Paramus, NJ",10 mi away,"$32,374","$30,449",$571/mo est.,New Cars (38).mhtml
2025 Volkswagen Tiguan,SE FWD,"Doylestown, PA",72 mi away,"$35,061","$30,452",$571/mo est.,New Cars (38).mhtml
2025 Subaru Legacy,Premium AWD,"Braintree, MA",179 mi away,"$30,456","$30,456",$571/mo est.,New Cars (38).mhtml
2025 Subaru Legacy,Premium AWD,"Braintree, MA",179 mi away,"$30,456","$30,456",$571/mo est.,New Cars (38).mhtml
2024 Dodge Hornet,R/T Plus AWD,"Dartmouth, MA",164 mi away,"$52,330","$30,457",$575/mo est.,New Cars (38).mhtml
2025 Hyundai Elantra,N Line FWD,"Scranton, PA",100 mi away,"$30,460","$30,460",$571/mo est.,New Cars (38).mhtml
2024 Mitsubishi Outlander Sport,Trail Edition AWC,"Long Island City, NY",4 mi away,"$30,460","$30,460",$575/mo est.,New Cars (38).mhtml
2025 Ford Bronco Sport,Big Bend AWD,"Easton, PA",72 mi away,"$35,585","$30,479",$571/mo est.,New Cars (38).mhtml
2025 Mazda CX-5,2.5 S Preferred AWD,"Rensselaer, NY",128 mi away,"$33,535","$30,480",$571/mo est.,New Cars (38).mhtml
2025 Nissan Altima,2.5 SR AWD,"Quincy, MA",181 mi away,"$35,480","$30,480",$571/mo est.,New Cars (38).mhtml
2025 Ford Maverick,XL SuperCrew FWD,"Harrisburg, PA",155 mi away,"$31,590","$30,480",$571/mo est.,New Cars (38).mhtml
2025 Mazda CX-5,2.5 S Select AWD,"Easton, PA",73 mi away,"$32,905","$30,484",$571/mo est.,New Cars (38).mhtml
2025 Ford Escape,Active FWD,"Newark, DE",124 mi away,"$33,300","$30,490",$572/mo est.,New Cars (38).mhtml
2025 Honda Accord,SE FWD,"Syracuse, NY",193 mi away,"$31,755","$30,495",$572/mo est.,New Cars (38).mhtml
2025 Ford Maverick,XL SuperCrew AWD,"Lehighton, PA",93 mi away,"$32,655","$30,495",$572/mo est.,New Cars (39).mhtml
2025 Ford Bronco Sport,Big Bend AWD,"Huntington, NY",26 mi away,"$36,600","$30,498",$572/mo est.,New Cars (39).mhtml
2024 Ford Escape,Active AWD,"Albany, NY",129 mi away,"$36,860","$30,500",$576/mo est.,New Cars (39).mhtml
2025 Ford Maverick,XLT SuperCrew FWD,"Schenectady, NY",135 mi away,"$33,135","$30,500",$572/mo est.,New Cars (39).mhtml
2024 Ford Escape,Active AWD,"Albany, NY",129 mi away,"$36,860","$30,500",$576/mo est.,New Cars (39).mhtml
2025 Ford Maverick,XLT SuperCrew AWD,"Rising Sun, MD",134 mi away,"$34,795","$30,500",$572/mo est.,New Cars (39).mhtml
2025 Ford Bronco Sport,Big Bend AWD,"Rising Sun, MD",134 mi away,"$35,400","$30,500",$572/mo est.,New Cars (39).mhtml
2025 Jeep Compass,Limited 4WD,"Jarrettsville, MD",159 mi away,"$37,710","$30,500",$572/mo est.,New Cars (39).mhtml
2025 Honda CR-V,EX AWD,"Saratoga Springs, NY",155 mi away,,"$30,500",$572/mo est.,New Cars (39).mhtml
2025 Honda CR-V,EX AWD,"Saratoga Springs, NY",155 mi away,,"$30,500",$572/mo est.,New Cars (39).mhtml
2025 Honda CR-V,EX AWD,"Saratoga Springs, NY",155 mi away,,"$30,500",$572/mo est.,New Cars (39).mhtml
2025 Honda CR-V,EX AWD,"Saratoga Springs, NY",155 mi away,,"$30,500",$572/mo est.,New Cars (39).mhtml
2025 Ford Bronco Sport,Big Bend AWD,"Lancaster, PA",137 mi away,"$35,365","$30,508",$572/mo est.,New Cars (39).mhtml
2025 Volkswagen Tiguan,S 4Motion,"Stamford, CT",25 mi away,"$34,182","$30,510",$572/mo est.,New Cars (39).mhtml
2025 Mitsubishi Outlander,SE FWD,"Pleasantville, NJ",104 mi away,"$38,515","$30,515",$572/mo est.,New Cars (39).mhtml
2025 Ford Bronco Sport,Outer Banks AWD,"Glen Burnie, MD",182 mi away,"$38,790","$30,523",$572/mo est.,New Cars (39).mhtml
2025 Mazda CX-5,2.5 S AWD,"Trevose, PA",73 mi away,"$31,365","$30,529",$572/mo est.,New Cars (39).mhtml
2025 Mazda CX-5,2.5 S AWD,"Trevose, PA",73 mi away,"$31,365","$30,529",$572/mo est.,New Cars (39).mhtml
2025 Hyundai Sonata,SEL Convenience FWD,"Brockton, MA",171 mi away,"$33,533","$30,533",$572/mo est.,New Cars (39).mhtml
2025 Kia K4,GT-Line Turbo FWD,"Attleboro, MA",153 mi away,"$32,285","$30,535",$572/mo est.,New Cars (39).mhtml
2025 Kia Niro EV,Wave FWD,"Glen Burnie, MD",183 mi away,"$46,545","$30,545",$573/mo est.,New Cars (39).mhtml
2025 Volkswagen Taos,SEL 4Motion,"Watertown, MA",177 mi away,"$37,726","$30,554",$573/mo est.,New Cars (39).mhtml
2025 Nissan Kicks,SR AWD,"Kingston, MA",184 mi away,"$29,935","$27,635",$518/mo est.,New Cars (4).mhtml
2025 Hyundai Elantra,SEL Convenience FWD,"Freehold, NJ",43 mi away,"$27,645","$27,645",$518/mo est.,New Cars (4).mhtml
2025 Kia K4,GT-Line FWD,"Bridgewater, NJ",38 mi away,"$27,665","$27,665",$519/mo est.,New Cars (4).mhtml
2025 Kia K4,GT-Line FWD,"Bridgewater, NJ",38 mi away,"$27,665","$27,665",$519/mo est.,New Cars (4).mhtml
2025 Kia K4,GT-Line FWD,"Bridgewater, NJ",38 mi away,"$27,665","$27,665",$519/mo est.,New Cars (4).mhtml
2025 Nissan Sentra,SV FWD,"Egg Harbor Township, NJ",102 mi away,"$27,670","$27,670",$519/mo est.,New Cars (4).mhtml
2025 Nissan Sentra,SV FWD,"Egg Harbor Township, NJ",102 mi away,"$27,670","$27,670",$519/mo est.,New Cars (4).mhtml
2025 Nissan Sentra,SV FWD,"Red Bank, NJ",34 mi away,,"$27,670",$519/mo est.,New Cars (4).mhtml
2025 Nissan Sentra,SR FWD,"Hillside, NJ",18 mi away,"$27,675","$27,675",$519/mo est.,New Cars (4).mhtml
2025 Nissan Sentra,SR FWD,"Hainesport, NJ",74 mi away,"$27,675","$27,675",$519/mo est.,New Cars (4).mhtml
2025 Kia Seltos,EX AWD,"Elmira, NY",178 mi away,"$30,425","$27,683",$519/mo est.,New Cars (4).mhtml
2025 Ford Bronco Sport,Heritage AWD,"Vineland, NJ",109 mi away,"$38,180","$27,686",$519/mo est.,New Cars (4).mhtml
2025 Nissan Kicks,SR AWD,"Raynham, MA",168 mi away,"$30,115","$27,690",$519/mo est.,New Cars (4).mhtml
2025 Nissan Kicks,SR AWD,"Raynham, MA",168 mi away,"$29,935","$27,690",$519/mo est.,New Cars (4).mhtml
2025 Hyundai Elantra,SEL Convenience FWD,"Scranton, PA",100 mi away,"$27,700","$27,700",$519/mo est.,New Cars (4).mhtml
2025 Nissan Sentra,SR FWD,"Yorktown Heights, NY",33 mi away,"$27,205","$27,705",$519/mo est.,New Cars (4).mhtml
2025 Toyota Corolla Cross,L AWD,"Westbury, NY",20 mi away,,"$27,708",$519/mo est.,New Cars (4).mhtml
2025 Hyundai Elantra,SEL Convenience FWD,"Scranton, PA",100 mi away,"$27,710","$27,710",$519/mo est.,New Cars (4).mhtml
2025 Nissan Sentra,SR FWD,"Blackwood, NJ",95 mi away,"$29,715","$27,715",$520/mo est.,New Cars (4).mhtml
2025 Hyundai Elantra,SEL Convenience FWD,"Scranton, PA",100 mi away,"$27,720","$27,720",$520/mo est.,New Cars (4).mhtml
2025 Nissan Sentra,SV FWD,"Egg Harbor Township, NJ",102 mi away,"$27,720","$27,720",$520/mo est.,New Cars (4).mhtml
2025 Hyundai Elantra Hybrid,Blue FWD,"Freehold, NJ",43 mi away,"$27,735","$27,735",$520/mo est.,New Cars (4).mhtml
2025 Honda Civic Hybrid,Sport Sedan FWD,"Glen Head, NY",16 mi away,"$30,555","$30,555",$573/mo est.,New Cars (40).mhtml
2025 Honda Civic Hybrid,Sport Sedan FWD,"Glen Head, NY",16 mi away,"$30,555","$30,555",$573/mo est.,New Cars (40).mhtml
2025 Nissan Altima,2.5 SV FWD,"Hempstead, NY",17 mi away,"$30,555","$30,555",$573/mo est.,New Cars (40).mhtml
2025 Nissan Altima,2.5 SV FWD,"Hempstead, NY",17 mi away,"$30,555","$30,555",$573/mo est.,New Cars (40).mhtml
2025 Nissan Altima,2.5 SV FWD,"Hempstead, NY",17 mi away,"$30,555","$30,555",$573/mo est.,New Cars (40).mhtml
2025 Nissan Altima,2.5 SV FWD,"Hempstead, NY",17 mi away,"$30,555","$30,555",$573/mo est.,New Cars (40).mhtml
2025 Nissan Altima,2.5 SV FWD,"Hempstead, NY",17 mi away,"$30,555","$30,555",$573/mo est.,New Cars (40).mhtml
2025 Nissan Altima,2.5 SV FWD,"Hempstead, NY",17 mi away,"$30,555","$30,555",$573/mo est.,New Cars (40).mhtml
2025 Nissan Altima,2.5 SV FWD,"Hempstead, NY",17 mi away,"$30,555","$30,555",$573/mo est.,New Cars (40).mhtml
2025 Nissan Altima,2.5 SV FWD,"Hempstead, NY",17 mi away,"$30,555","$30,555",$573/mo est.,New Cars (40).mhtml
2025 Mitsubishi Outlander,SE FWD,"Pleasantville, NJ",104 mi away,"$38,555","$30,555",$573/mo est.,New Cars (40).mhtml
2025 Nissan Altima,2.5 SV AWD,"Middletown, CT",84 mi away,"$32,055","$30,555",$573/mo est.,New Cars (40).mhtml
2025 Nissan Altima,2.5 SV AWD,"Middletown, CT",84 mi away,"$32,055","$30,555",$573/mo est.,New Cars (40).mhtml
2025 Nissan Altima,2.5 SV FWD,"Monmouth Junction, NJ",42 mi away,,"$30,555",$573/mo est.,New Cars (40).mhtml
2025 Honda Civic Hybrid,Sport Sedan FWD,"Westford, MA",176 mi away,"$30,555","$30,555",$573/mo est.,New Cars (40).mhtml
2025 Honda Civic Hybrid,Sport Sedan FWD,"Hanover, MA",184 mi away,"$30,555","$30,555",$573/mo est.,New Cars (40).mhtml
2025 Honda Accord,SE FWD,"North Plainfield, NJ",30 mi away,,"$30,560",$573/mo est.,New Cars (40).mhtml
2025 Nissan Altima,2.5 SR FWD,"Flemington, NJ",53 mi away,"$35,255","$30,561",$573/mo est.,New Cars (40).mhtml
2025 Ford Maverick,Lobo SuperCrew AWD,"Vineland, NJ",109 mi away,"$39,440","$30,563",$573/mo est.,New Cars (40).mhtml
2025 Mazda CX-30,2.5 S Preferred AWD,"Springfield, NJ",23 mi away,"$31,420","$30,570",$573/mo est.,New Cars (40).mhtml
2025 Ford Bronco Sport,Big Bend AWD,"Hanover, PA",176 mi away,"$34,235","$30,575",$573/mo est.,New Cars (40).mhtml
2025 Mazda CX-5,2.5 S Preferred AWD,"Rensselaer, NY",128 mi away,"$33,655","$30,576",$573/mo est.,New Cars (40).mhtml
2025 Ford Bronco Sport,Big Bend AWD,"Nazareth, PA",73 mi away,"$34,040","$30,577",$573/mo est.,New Cars (41).mhtml
2025 Ford Maverick,XL SuperCrew AWD,"Nazareth, PA",73 mi away,"$32,160","$30,578",$573/mo est.,New Cars (41).mhtml
2025 Ford Bronco Sport,Big Bend AWD,"Cheshire, CT",70 mi away,"$35,770","$30,582",$573/mo est.,New Cars (41).mhtml
2025 Mazda CX-5,2.5 S AWD,"Staten Island, NY",18 mi away,"$30,590","$30,590",$573/mo est.,New Cars (41).mhtml
2025 Mazda CX-5,2.5 S AWD,"Staten Island, NY",18 mi away,"$30,590","$30,590",$573/mo est.,New Cars (41).mhtml
2025 Nissan Kicks,SR AWD,"Edison, NJ",33 mi away,"$31,930","$30,594",$573/mo est.,New Cars (41).mhtml
2024 Dodge Hornet,R/T AWD,"Dartmouth, MA",164 mi away,"$47,080","$30,597",$578/mo est.,New Cars (41).mhtml
2024 Dodge Hornet,R/T Plus AWD,"Dartmouth, MA",164 mi away,"$52,330","$30,597",$578/mo est.,New Cars (41).mhtml
2025 Mazda CX-5,2.5 S AWD,"Trevose, PA",73 mi away,"$31,455","$30,601",$574/mo est.,New Cars (41).mhtml
2025 Nissan Altima,2.5 SV FWD,"Hempstead, NY",17 mi away,"$30,605","$30,605",$574/mo est.,New Cars (41).mhtml
2025 Nissan Altima,2.5 SV FWD,"Hempstead, NY",17 mi away,"$30,605","$30,605",$574/mo est.,New Cars (41).mhtml
2025 Nissan Altima,2.5 SV FWD,"Hempstead, NY",17 mi away,"$30,605","$30,605",$574/mo est.,New Cars (41).mhtml
2025 Nissan Altima,2.5 SV FWD,"Hempstead, NY",17 mi away,"$30,605","$30,605",$574/mo est.,New Cars (41).mhtml
2025 Nissan Altima,2.5 SV FWD,"Hempstead, NY",17 mi away,"$30,605","$30,605",$574/mo est.,New Cars (41).mhtml
2025 Nissan Altima,2.5 SV FWD,"Hempstead, NY",17 mi away,"$30,605","$30,605",$574/mo est.,New Cars (41).mhtml
2025 Nissan Altima,2.5 SV FWD,"Hempstead, NY",17 mi away,"$30,605","$30,605",$574/mo est.,New Cars (41).mhtml
2025 Nissan Altima,2.5 SV FWD,"Hempstead, NY",17 mi away,"$30,605","$30,605",$574/mo est.,New Cars (41).mhtml
2025 Nissan Altima,2.5 SV FWD,"Hempstead, NY",17 mi away,"$30,605","$30,605",$574/mo est.,New Cars (41).mhtml
2025 Nissan Altima,2.5 SV FWD,"Hempstead, NY",17 mi away,"$30,605","$30,605",$574/mo est.,New Cars (41).mhtml
2025 Nissan Altima,2.5 SV FWD,"Hempstead, NY",17 mi away,"$30,605","$30,605",$574/mo est.,New Cars (41).mhtml
2025 Nissan Altima,2.5 SV FWD,"Hempstead, NY",17 mi away,"$30,605","$30,605",$574/mo est.,New Cars (41).mhtml
2025 Mazda CX-5,2.5 S Select AWD,"Lenox, MA",115 mi away,"$33,120","$30,620",$574/mo est.,New Cars (41).mhtml
2025 Ford Bronco Sport,Big Bend AWD,"Nazareth, PA",73 mi away,"$34,085","$30,624",$574/mo est.,New Cars (42).mhtml
2025 Mitsubishi Outlander,SE FWD,"Quakertown, PA",80 mi away,"$38,625","$30,625",$574/mo est.,New Cars (42).mhtml
2025 Ford Bronco Sport,Big Bend AWD,"Seekonk, MA",151 mi away,"$33,875","$30,625",$574/mo est.,New Cars (42).mhtml
2025 Nissan Altima,2.5 SR FWD,"Baltimore, MD",173 mi away,"$34,710","$30,635",$574/mo est.,New Cars (42).mhtml
2025 Mazda CX-5,2.5 S Preferred AWD,"Rensselaer, NY",128 mi away,"$33,730","$30,636",$574/mo est.,New Cars (42).mhtml
2025 Ford Bronco Sport,Big Bend AWD,"Blackwood, NJ",94 mi away,"$35,490","$30,656",$575/mo est.,New Cars (42).mhtml
2025 Ford Bronco Sport,Heritage AWD,"Horsham, PA",77 mi away,"$35,990","$30,659",$575/mo est.,New Cars (42).mhtml
2025 Mazda CX-5,2.5 S AWD,"Huntington Station, NY",28 mi away,"$30,660","$30,660",$575/mo est.,New Cars (42).mhtml
2025 Nissan Altima,2.5 SV AWD,"Queensbury, NY",173 mi away,"$32,660","$30,660",$575/mo est.,New Cars (42).mhtml
2025 Mazda CX-5,2.5 S Preferred AWD,"Larksville, PA",108 mi away,"$33,730","$30,664",$575/mo est.,New Cars (42).mhtml
2025 Subaru Impreza,Sport AWD,"Langhorne, PA",68 mi away,"$30,665","$30,665",$575/mo est.,New Cars (42).mhtml
2025 Mazda CX-5,2.5 S AWD,"Trevose, PA",73 mi away,"$31,535","$30,665",$575/mo est.,New Cars (42).mhtml
2025 Mazda CX-5,2.5 S AWD,"Trevose, PA",73 mi away,"$31,535","$30,665",$575/mo est.,New Cars (42).mhtml
2025 Mitsubishi Outlander Sport,ES AWC,"East Petersburg, PA",137 mi away,"$31,665","$30,665",$575/mo est.,New Cars (42).mhtml
2025 Kia Seltos,X-Line AWD,"Lake Katrine, NY",80 mi away,"$31,325","$30,665",$575/mo est.,New Cars (42).mhtml
2025 Mitsubishi Outlander Sport,ES AWC,"East Petersburg, PA",137 mi away,"$31,665","$30,665",$575/mo est.,New Cars (42).mhtml
2025 Kia Niro Hybrid Plug-In,EX FWD,"Larksville, PA",108 mi away,"$37,295","$30,667",$575/mo est.,New Cars (42).mhtml
2025 Ford Maverick,XL SuperCrew FWD,"Lumberton, NJ",74 mi away,"$30,735","$30,667",$575/mo est.,New Cars (42).mhtml
2025 Ford Maverick,XL SuperCrew AWD,"Old Bridge, NJ",36 mi away,"$32,670","$30,670",$575/mo est.,New Cars (42).mhtml
2025 Mazda CX-5,2.5 S Preferred AWD,"Westwood, MA",171 mi away,"$33,510","$30,672",$575/mo est.,New Cars (42).mhtml
2025 Nissan Kicks,SR AWD,"Hainesport, NJ",74 mi away,"$30,680","$30,680",$575/mo est.,New Cars (42).mhtml
2025 Mazda CX-5,2.5 S Preferred AWD,"Fairless Hills, PA",66 mi away,"$33,610","$30,688",$575/mo est.,New Cars (42).mhtml
2025 Ford Maverick,XL SuperCrew FWD,"Columbia, CT",105 mi away,"$31,095","$30,693",$575/mo est.,New Cars (43).mhtml
2025 Ford Maverick,XL SuperCrew FWD,"Columbia, CT",105 mi away,"$31,095","$30,693",$575/mo est.,New Cars (43).mhtml
2025 Ford Bronco Sport,Big Bend AWD,"Wilmington, DE",118 mi away,"$35,585","$30,697",$575/mo est.,New Cars (43).mhtml
2025 Mazda CX-50,2.5 S Preferred AWD,"Morristown, NJ",29 mi away,"$34,200","$30,700",$575/mo est.,New Cars (43).mhtml
2025 Honda Accord,SE FWD,"Raynham, MA",169 mi away,"$32,210","$30,705",$576/mo est.,New Cars (43).mhtml
2025 Ford Maverick,XL SuperCrew AWD,"Mechanicsburg, PA",167 mi away,"$33,430","$30,705",$576/mo est.,New Cars (43).mhtml
2025 Honda Accord,SE FWD,"Natick, MA",167 mi away,"$32,165","$30,707",$576/mo est.,New Cars (43).mhtml
2025 Nissan Altima,2.5 SV FWD,"Bay Shore, NY",36 mi away,"$30,710","$30,710",$576/mo est.,New Cars (43).mhtml
2025 Mazda CX-5,2.5 S Preferred AWD,"Hamden, CT",65 mi away,"$33,710","$30,710",$576/mo est.,New Cars (43).mhtml
2025 Ford Bronco Sport,Big Bend AWD,"Newtown, PA",67 mi away,"$34,495","$30,714",$576/mo est.,New Cars (43).mhtml
2025 Mazda CX-5,2.5 S AWD,"Lebanon, PA",137 mi away,"$30,715","$30,715",$576/mo est.,New Cars (43).mhtml
2025 Mitsubishi Outlander Sport,Trail Edition AWC,"Framingham, MA",165 mi away,"$31,515","$30,715",$576/mo est.,New Cars (43).mhtml
2025 Nissan Altima,2.5 SR FWD,"Totowa, NJ",17 mi away,"$34,290","$30,716",$576/mo est.,New Cars (43).mhtml
2025 Subaru Legacy,Premium AWD,"Schenectady, NY",141 mi away,"$30,719","$30,719",$576/mo est.,New Cars (43).mhtml
2025 Mazda CX-5,2.5 S Preferred AWD,"Westwood, MA",171 mi away,"$33,955","$30,724",$576/mo est.,New Cars (43).mhtml
2025 Ford Maverick,XL SuperCrew AWD,"Blackwood, NJ",94 mi away,"$32,955","$30,732",$576/mo est.,New Cars (43).mhtml
2025 Subaru Legacy,Premium AWD,"Bloomfield, NJ",14 mi away,"$31,732","$30,732",$576/mo est.,New Cars (43).mhtml
2025 Ford Maverick,XL SuperCrew FWD,"Owego, NY",150 mi away,"$30,735","$30,735",$576/mo est.,New Cars (43).mhtml
2025 Honda HR-V,Sport AWD,"Lebanon, PA",137 mi away,"$30,805","$30,740",$576/mo est.,New Cars (43).mhtml
2025 Ford Bronco Sport,Big Bend AWD,"Londonderry, NH",194 mi away,"$35,585","$30,744",$576/mo est.,New Cars (43).mhtml
2025 Mazda CX-5,2.5 S Preferred AWD,"Larksville, PA",108 mi away,"$33,620","$30,748",$576/mo est.,New Cars (43).mhtml
2025 Mazda CX-5,2.5 S Preferred AWD,"Willow Grove, PA",79 mi away,"$33,620","$30,748",$576/mo est.,New Cars (43).mhtml
2025 Honda Accord,SE FWD,"Ellicott City, MD",186 mi away,"$32,210","$30,751",$576/mo est.,New Cars (44).mhtml
2025 Honda Accord,SE FWD,"Hamburg, PA",110 mi away,"$32,165","$30,756",$576/mo est.,New Cars (44).mhtml
2025 Honda Accord,SE FWD,"Hamburg, PA",110 mi away,"$32,165","$30,756",$576/mo est.,New Cars (44).mhtml
2025 Honda Accord,SE FWD,"Hamburg, PA",110 mi away,"$32,165","$30,756",$576/mo est.,New Cars (44).mhtml
2025 Honda Accord,SE FWD,"Hamburg, PA",110 mi away,"$32,165","$30,756",$576/mo est.,New Cars (44).mhtml
2025 Honda Accord,SE FWD,"Hamburg, PA",110 mi away,"$32,165","$30,756",$576/mo est.,New Cars (44).mhtml
2025 Honda Accord,SE FWD,"Hamburg, PA",110 mi away,"$32,165","$30,756",$576/mo est.,New Cars (44).mhtml
2025 Honda Accord,SE FWD,"Hamburg, PA",110 mi away,"$32,165","$30,756",$576/mo est.,New Cars (44).mhtml
2025 Mazda CX-30,2.5 S Carbon Edition AWD,"Wakefield, RI",134 mi away,"$32,125","$30,758",$577/mo est.,New Cars (44).mhtml
2025 Hyundai Tucson,XRT AWD,"North Kingstown, RI",137 mi away,"$37,245","$30,765",$577/mo est.,New Cars (44).mhtml
2024 Toyota Corolla Cross Hybrid,,"Wallingford, CT",74 mi away,,"$30,768",$581/mo est.,New Cars (44).mhtml
2025 Honda Accord,SE FWD,"Salem, NH",193 mi away,"$32,165","$30,770",$577/mo est.,New Cars (44).mhtml
2025 Nissan Altima,2.5 SR AWD,"Springfield, NJ",23 mi away,"$32,995","$30,770",$577/mo est.,New Cars (44).mhtml
2025 Mazda CX-5,2.5 S Preferred AWD,"Larksville, PA",108 mi away,"$33,655","$30,776",$577/mo est.,New Cars (44).mhtml
2025 Nissan Altima,2.5 SV AWD,"New Hampton, NY",48 mi away,"$32,280","$30,780",$577/mo est.,New Cars (44).mhtml
2025 Kia K4,GT-Line Turbo FWD,"Copiague, NY",28 mi away,"$32,035","$30,785",$577/mo est.,New Cars (44).mhtml
2025 Mazda CX-5,2.5 S Select AWD,"Riverhead, NY",65 mi away,"$32,790","$30,790",$577/mo est.,New Cars (44).mhtml
2025 Hyundai Elantra,N Line FWD,"Yorkville, NY",173 mi away,"$30,790","$30,790",$577/mo est.,New Cars (44).mhtml
2025 Ford Bronco Sport,Big Bend AWD,"Hanover, PA",176 mi away,"$34,465","$30,791",$577/mo est.,New Cars (44).mhtml
2024 Dodge Hornet,R/T AWD,"Oneida, NY",180 mi away,"$46,615","$30,800",$582/mo est.,New Cars (44).mhtml
2025 Mazda CX-30,2.5 S Preferred AWD,"Springfield, MA",112 mi away,"$30,800","$30,800",$577/mo est.,New Cars (44).mhtml
2025 Nissan Altima,2.5 SV FWD,"Bay Shore, NY",36 mi away,"$30,800","$30,800",$577/mo est.,New Cars (44).mhtml
2025 Nissan Altima,2.5 SV FWD,"Bay Shore, NY",36 mi away,"$30,800","$30,800",$577/mo est.,New Cars (45).mhtml
2025 Nissan Altima,2.5 SV FWD,"Bay Shore, NY",36 mi away,"$30,800","$30,800",$577/mo est.,New Cars (45).mhtml
2025 Nissan Altima,2.5 SV FWD,"Bay Shore, NY",36 mi away,"$30,800","$30,800",$577/mo est.,New Cars (45).mhtml
2025 Nissan Altima,2.5 SV FWD,"Bay Shore, NY",36 mi away,"$30,800","$30,800",$577/mo est.,New Cars (45).mhtml
2025 Nissan Altima,2.5 SL FWD,"Bloomfield, NJ",14 mi away,"$35,835","$30,803",$577/mo est.,New Cars (45).mhtml
2025 Ford Bronco Sport,Big Bend AWD,"Bel Air, MD",158 mi away,"$36,720","$30,804",$577/mo est.,New Cars (45).mhtml
2025 Hyundai Elantra,N Line FWD,"Newark, DE",124 mi away,"$30,805","$30,805",$577/mo est.,New Cars (45).mhtml
2025 Hyundai Elantra,N Line FWD,"Scranton, PA",100 mi away,"$30,805","$30,805",$577/mo est.,New Cars (45).mhtml
2025 Honda HR-V,Sport AWD,"Tarrytown, NY",17 mi away,,"$30,805",$577/mo est.,New Cars (45).mhtml
2025 Nissan Altima,2.5 SV FWD,"Middletown, CT",84 mi away,"$32,305","$30,805",$577/mo est.,New Cars (45).mhtml
2025 Honda HR-V,Sport AWD,"Lebanon, PA",137 mi away,"$30,805","$30,805",$577/mo est.,New Cars (45).mhtml
2025 Honda HR-V,Sport AWD,"Lebanon, PA",137 mi away,"$30,805","$30,805",$577/mo est.,New Cars (45).mhtml
2025 Volkswagen Taos,SE 4Motion,"Paramus, NJ",10 mi away,"$30,807","$30,807",$577/mo est.,New Cars (45).mhtml
2025 Volkswagen Tiguan,S 4Motion,"North Attleboro, MA",159 mi away,"$32,889","$30,809",$577/mo est.,New Cars (45).mhtml
2025 Ford Escape Hybrid,ST-Line Select AWD,"Easton, MD",179 mi away,"$38,770","$30,816",$578/mo est.,New Cars (45).mhtml
2025 Nissan Altima,2.5 SR FWD,"Bay Shore, NY",36 mi away,"$30,820","$30,820",$578/mo est.,New Cars (45).mhtml
2025 Nissan Altima,2.5 SR FWD,"Bay Shore, NY",36 mi away,"$30,820","$30,820",$578/mo est.,New Cars (45).mhtml
2025 Ford Bronco Sport,Big Bend AWD,"Seekonk, MA",151 mi away,"$34,070","$30,820",$578/mo est.,New Cars (45).mhtml
2025 Subaru Impreza,RS AWD,"Roslyn, NY",13 mi away,"$30,823","$30,823",$578/mo est.,New Cars (45).mhtml
2025 Ford Maverick,XLT SuperCrew FWD,"Woodbridge Township, NJ",27 mi away,"$33,135","$30,824",$578/mo est.,New Cars (45).mhtml
2025 Mazda CX-30,2.5 S Preferred AWD,"Springfield, MA",112 mi away,"$30,825","$30,825",$578/mo est.,New Cars (45).mhtml
2025 Mazda CX-5,2.5 S Preferred AWD,"Rensselaer, NY",128 mi away,"$33,910","$30,825",$578/mo est.,New Cars (45).mhtml
2025 Mazda CX-5,2.5 S AWD,"Springfield, MA",112 mi away,"$30,830","$30,830",$578/mo est.,New Cars (46).mhtml
2025 Kia K5,EX FWD,"Watertown, CT",67 mi away,"$35,830","$30,830",$578/mo est.,New Cars (46).mhtml
2025 Nissan Altima,2.5 SR FWD,"Blackwood, NJ",95 mi away,"$34,830","$30,830",$578/mo est.,New Cars (46).mhtml
2025 Mazda CX-5,2.5 S Preferred AWD,"Hamden, CT",65 mi away,"$33,835","$30,835",$578/mo est.,New Cars (46).mhtml
2025 Chevrolet Equinox EV,LT 2 FWD,"Woodbridge Township, NJ",25 mi away,"$44,240","$30,836",$578/mo est.,New Cars (46).mhtml
2025 Hyundai Elantra,N Line FWD,"Scranton, PA",100 mi away,"$30,840","$30,840",$578/mo est.,New Cars (46).mhtml
2025 Ford Maverick,XLT SuperCrew AWD,"Annapolis, MD",189 mi away,"$36,695","$30,841",$578/mo est.,New Cars (46).mhtml
2025 Mazda CX-5,2.5 S Preferred AWD,"Yonkers, NY",9 mi away,"$33,595","$30,845",$578/mo est.,New Cars (46).mhtml
2025 Nissan Altima,2.5 SL FWD,"Bloomfield, NJ",14 mi away,"$35,890","$30,846",$578/mo est.,New Cars (46).mhtml
2025 Honda HR-V,Sport AWD,"Tarrytown, NY",17 mi away,,"$30,850",$578/mo est.,New Cars (46).mhtml
2025 Nissan Altima,2.5 SV FWD,"Chelmsford, MA",182 mi away,"$31,855","$30,850",$578/mo est.,New Cars (46).mhtml
2025 Honda HR-V,Sport AWD,"Lebanon, PA",137 mi away,"$30,850","$30,850",$578/mo est.,New Cars (46).mhtml
2025 Nissan Altima,2.5 SR AWD,"Springfield, NJ",23 mi away,"$33,550","$30,854",$578/mo est.,New Cars (46).mhtml
2025 Mazda CX-5,2.5 S Preferred AWD,"Mechanicsburg, PA",166 mi away,"$32,855","$30,855",$578/mo est.,New Cars (46).mhtml
2025 Mazda CX-5,2.5 S Preferred AWD,"Hamden, CT",65 mi away,"$33,855","$30,855",$578/mo est.,New Cars (46).mhtml
2025 Nissan Ariya,Engage e-4ORCE,"Ballston Spa, NY",152 mi away,"$45,855","$30,855",$578/mo est.,New Cars (46).mhtml
2025 Kia Seltos,X-Line AWD,"Toms River, NJ",59 mi away,"$30,855","$30,855",$578/mo est.,New Cars (46).mhtml
2025 Ford Maverick,XLT SuperCrew FWD,"Aberdeen, MD",149 mi away,"$32,835","$30,857",$578/mo est.,New Cars (46).mhtml
2025 Nissan Altima,2.5 SR AWD,"Springfield, NJ",23 mi away,"$33,100","$30,857",$578/mo est.,New Cars (46).mhtml
2025 Ford Bronco Sport,Big Bend AWD,"Cheshire, CT",70 mi away,"$36,330","$30,861",$578/mo est.,New Cars (46).mhtml
2025 Mazda CX-5,2.5 S AWD,"Trevose, PA",73 mi away,"$31,785","$30,865",$579/mo est.,New Cars (46).mhtml
2025 Ford Maverick,XLT SuperCrew FWD,"Langhorne, PA",67 mi away,"$33,195","$30,867",$579/mo est.,New Cars (46).mhtml
2025 Hyundai Elantra Hybrid,Blue FWD,"Millville, NJ",113 mi away,"$27,600","$26,898",$504/mo est.,New Cars (47).mhtml
2025 Nissan Rogue,S AWD,"Hainesport, NJ",74 mi away,"$32,720","$26,900",$504/mo est.,New Cars (47).mhtml
2025 Subaru Impreza,Sport AWD,"Englewood, NJ",6 mi away,"$27,894","$26,903",$504/mo est.,New Cars (47).mhtml
2025 Nissan Sentra,SR FWD,"St James, NY",41 mi away,"$27,885","$26,909",$504/mo est.,New Cars (47).mhtml
2024 Honda HR-V,LX AWD,"Pompton Plains, NJ",22 mi away,"$26,925","$26,925",$509/mo est.,New Cars (47).mhtml
2025 Nissan Altima,2.5 SV FWD,"Keyport, NJ",30 mi away,"$30,555","$26,928",$505/mo est.,New Cars (47).mhtml
2025 Kia Niro,EX FWD,"Watertown, CT",67 mi away,"$31,435","$26,935",$505/mo est.,New Cars (47).mhtml
2025 Nissan Sentra,SV FWD,"Swarthmore, PA",99 mi away,"$28,120","$26,941",$505/mo est.,New Cars (47).mhtml
2025 Kia K4,GT-Line FWD,"Denville, NJ",31 mi away,"$29,160","$26,953",$505/mo est.,New Cars (47).mhtml
2025 Nissan Altima,2.5 SV AWD,"Bloomfield, NJ",14 mi away,"$31,780","$26,960",$505/mo est.,New Cars (47).mhtml
2025 Nissan Sentra,SR FWD,"Hillside, NJ",18 mi away,"$26,980","$26,980",$506/mo est.,New Cars (47).mhtml
2025 Nissan Kicks,SV AWD,"Laurel, MD",195 mi away,"$29,040","$26,985",$506/mo est.,New Cars (47).mhtml
2025 Nissan Kicks,SR AWD,"Laurel, MD",195 mi away,"$30,140","$26,985",$506/mo est.,New Cars (47).mhtml
2025 Nissan Kicks,SR AWD,"Laurel, MD",195 mi away,"$29,785","$26,985",$506/mo est.,New Cars (47).mhtml
2025 Nissan Kicks,SR AWD,"Laurel, MD",195 mi away,"$30,670","$26,985",$506/mo est.,New Cars (47).mhtml
2025 Nissan Kicks,SR AWD,"Laurel, MD",195 mi away,"$29,510","$26,985",$506/mo est.,New Cars (47).mhtml
2025 Nissan Kicks,SR AWD,"Wellesley, MA",169 mi away,"$29,530","$26,986",$506/mo est.,New Cars (47).mhtml
2025 Mazda CX-30,2.5 S Preferred AWD,"Lakewood, NJ",53 mi away,"$30,900","$26,988",$506/mo est.,New Cars (47).mhtml
2025 Mazda CX-30,2.5 S Preferred AWD,"Lakewood, NJ",53 mi away,"$30,925","$26,988",$506/mo est.,New Cars (47).mhtml
2025 Nissan Altima,2.5 SR FWD,"Exton, PA",105 mi away,"$31,990","$26,990",$506/mo est.,New Cars (47).mhtml
2025 Ford Escape Hybrid,ST-Line Select AWD,"Rutland, VT",197 mi away,"$32,981","$26,992",$506/mo est.,New Cars (47).mhtml
2025 Chevrolet Trax,RS with 2RS FWD,"Lumberton, NJ",74 mi away,"$27,584","$26,999",$506/mo est.,New Cars (47).mhtml
2025 Ford Escape Hybrid Plug-in,FWD,"Albany, NY",129 mi away,"$39,895","$27,000",$506/mo est.,New Cars (48).mhtml
2024 Hyundai Kona,SEL AWD,"Bloomfield, NJ",14 mi away,"$31,479","$27,000",$510/mo est.,New Cars (48).mhtml
2024 Hyundai Kona,SEL AWD,"Bloomfield, NJ",14 mi away,"$31,509","$27,000",$510/mo est.,New Cars (48).mhtml
2025 Nissan Kicks,SR AWD,"North Attleboro, MA",155 mi away,"$30,290","$27,024",$507/mo est.,New Cars (48).mhtml
2025 Nissan Altima,2.5 SR FWD,"Bloomfield, NJ",14 mi away,"$31,885","$27,046",$507/mo est.,New Cars (48).mhtml
2025 Nissan Sentra,SR FWD,"North Attleboro, MA",155 mi away,"$29,430","$27,047",$507/mo est.,New Cars (48).mhtml
2024 Hyundai Elantra,SEL FWD,"Scranton, PA",100 mi away,"$27,055","$27,055",$511/mo est.,New Cars (48).mhtml
2024 Hyundai Elantra,SEL FWD,"Scranton, PA",100 mi away,"$27,055","$27,055",$511/mo est.,New Cars (48).mhtml
2024 Hyundai Elantra,SEL FWD,"Scranton, PA",100 mi away,"$27,055","$27,055",$511/mo est.,New Cars (48).mhtml
2025 Nissan Kicks,SR AWD,"Avenel, NJ",24 mi away,"$31,480","$27,061",$507/mo est.,New Cars (48).mhtml
2025 Chevrolet Equinox,LT AWD,"Fitchburg, MA",164 mi away,"$32,490","$27,105",$508/mo est.,New Cars (48).mhtml
2025 Ford Maverick,XL SuperCrew FWD,"Baltimore, MD",173 mi away,"$29,840","$27,106",$508/mo est.,New Cars (48).mhtml
2025 Subaru Impreza,Sport AWD,"Doylestown, PA",72 mi away,"$28,752","$27,131",$509/mo est.,New Cars (48).mhtml
2025 Nissan Sentra,SR FWD,"Toms River, NJ",61 mi away,"$28,825","$27,139",$509/mo est.,New Cars (48).mhtml
2025 Hyundai Elantra Hybrid,Blue FWD,"Danvers, MA",194 mi away,"$27,240","$27,140",$509/mo est.,New Cars (48).mhtml
2025 Nissan Kicks,SR AWD,"Raynham, MA",168 mi away,"$29,760","$27,145",$509/mo est.,New Cars (48).mhtml
2025 Ford Escape,Active AWD,"Medford, MA",183 mi away,"$32,410","$27,175",$509/mo est.,New Cars (48).mhtml
2025 Ford Escape,Active AWD,"Medford, MA",183 mi away,"$32,410","$27,175",$509/mo est.,New Cars (48).mhtml
2025 Nissan Kicks,SV AWD,"East Hanover, NJ",24 mi away,"$27,180","$27,180",$510/mo est.,New Cars (48).mhtml
2025 Hyundai Elantra Hybrid,SEL Sport FWD,"Raynham, MA",168 mi away,"$29,685","$27,185",$510/mo est.,New Cars (48).mhtml
2025 Nissan Kicks,SR AWD,"Raynham, MA",168 mi away,"$30,030","$27,195",$510/mo est.,New Cars (48).mhtml
2025 Nissan Kicks,SR AWD,"Raynham, MA",168 mi away,"$30,115","$27,195",$510/mo est.,New Cars (48).mhtml
2025 Hyundai Elantra,SEL Convenience FWD,"Freehold, NJ",43 mi away,"$27,735","$27,735",$520/mo est.,New Cars (5).mhtml
2025 Nissan Altima,2.5 SR FWD,"Blackwood, NJ",95 mi away,"$31,735","$27,735",$520/mo est.,New Cars (5).mhtml
2025 Mitsubishi Outlander Sport,Trail Edition AWC,"Laurel, MD",194 mi away,"$32,060","$27,738",$520/mo est.,New Cars (5).mhtml
2025 Honda Civic Hatchback,Sport FWD,"Norwood, MA",171 mi away,"$29,055","$27,744",$520/mo est.,New Cars (5).mhtml
2025 Hyundai Sonata,SE FWD,"Vernon Rockville, CT",106 mi away,"$28,715","$27,748",$520/mo est.,New Cars (5).mhtml
2024 Ford Escape,Active AWD,"Albany, NY",129 mi away,"$35,750","$27,750",$524/mo est.,New Cars (5).mhtml
2025 Kia K4,GT-Line FWD,"Yonkers, NY",11 mi away,"$29,010","$27,760",$520/mo est.,New Cars (5).mhtml
2025 Hyundai Elantra Hybrid,SEL Sport FWD,"Conshohocken, PA",88 mi away,"$29,265","$27,765",$520/mo est.,New Cars (5).mhtml
2025 Kia Seltos,S AWD,"Lake Katrine, NY",80 mi away,"$28,350","$27,767",$521/mo est.,New Cars (5).mhtml
2025 Mitsubishi Outlander Sport,SE AWC,"Brookfield, CT",52 mi away,"$31,570","$27,782",$521/mo est.,New Cars (5).mhtml
2025 Mitsubishi Outlander Sport,Trail Edition AWC,"Laurel, MD",194 mi away,"$32,110","$27,783",$521/mo est.,New Cars (5).mhtml
2025 Nissan Kicks,SR AWD,"Denville, NJ",31 mi away,"$30,295","$27,795",$521/mo est.,New Cars (5).mhtml
2024 Ford Escape Hybrid,ST-Line FWD,"Ephrata, PA",125 mi away,"$37,305","$27,800",$525/mo est.,New Cars (5).mhtml
2025 Nissan Altima,2.5 SR AWD,"Exton, PA",105 mi away,"$32,800","$27,800",$521/mo est.,New Cars (5).mhtml
2025 Kia Seltos,S AWD,"Bowie, MD",196 mi away,"$28,350","$27,800",$521/mo est.,New Cars (5).mhtml
2025 Nissan Rogue,SV AWD,"Hainesport, NJ",74 mi away,"$33,835","$27,800",$521/mo est.,New Cars (5).mhtml
2024 Hyundai Kona,SEL AWD,"Bloomfield, NJ",14 mi away,"$31,539","$27,800",$525/mo est.,New Cars (5).mhtml
2025 Volkswagen Jetta,SE FWD,"Mohegan Lake, NY",35 mi away,"$27,803","$27,803",$521/mo est.,New Cars (5).mhtml
2025 Ford Escape,ST-Line AWD,"Keyport, NJ",31 mi away,"$35,865","$27,810",$521/mo est.,New Cars (5).mhtml
2025 Mazda CX-5,2.5 S AWD,"Willow Grove, PA",79 mi away,"$30,545","$27,819",$521/mo est.,New Cars (5).mhtml
2025 Kia K4,GT-Line FWD,"Bohemia, NY",43 mi away,"$29,080","$27,830",$522/mo est.,New Cars (5).mhtml
2025 Kia K4,GT-Line FWD,"Bohemia, NY",43 mi away,"$29,080","$27,830",$522/mo est.,New Cars (5).mhtml
2025 Volkswagen Jetta,SE FWD,"Paramus, NJ",10 mi away,"$27,834","$27,834",$522/mo est.,New Cars (6).mhtml
2025 Ford Bronco Sport,Big Bend AWD,"Glen Burnie, MD",182 mi away,"$34,085","$27,836",$522/mo est.,New Cars (6).mhtml
2025 Hyundai Elantra,Limited FWD,"Hicksville, NY",22 mi away,,"$27,850",$522/mo est.,New Cars (6).mhtml
2025 Hyundai Elantra,Limited FWD,"Hicksville, NY",22 mi away,,"$27,850",$522/mo est.,New Cars (6).mhtml
2025 Hyundai Elantra,Limited FWD,"Hicksville, NY",22 mi away,,"$27,850",$522/mo est.,New Cars (6).mhtml
2025 Honda Civic,Sport FWD,"Hanover, MA",184 mi away,"$27,855","$27,855",$522/mo est.,New Cars (6).mhtml
2025 Nissan Kicks,SR AWD,"White Marsh, MD",167 mi away,"$30,235","$27,856",$522/mo est.,New Cars (6).mhtml
2025 Nissan Sentra,SR FWD,"Ardmore, PA",91 mi away,"$28,095","$27,861",$522/mo est.,New Cars (6).mhtml
2025 Toyota Corolla Hatchback,Nightshade FWD,"Yonkers, NY",11 mi away,"$27,862","$27,862",$522/mo est.,New Cars (6).mhtml
2025 Ford Escape,ST-Line AWD,"Vauxhall, NJ",21 mi away,"$34,870","$27,870",$522/mo est.,New Cars (6).mhtml
2025 Kia K4,GT-Line FWD,"Copiague, NY",28 mi away,"$29,125","$27,875",$523/mo est.,New Cars (6).mhtml
2025 Hyundai Elantra,Limited FWD,"Hicksville, NY",22 mi away,,"$27,882",$523/mo est.,New Cars (6).mhtml
2025 Ford Maverick,XL SuperCrew FWD,"Mechanicsburg, PA",167 mi away,"$30,435","$27,889",$523/mo est.,New Cars (6).mhtml
2025 Hyundai Elantra,Limited FWD,"Hicksville, NY",22 mi away,,"$27,895",$523/mo est.,New Cars (6).mhtml
2025 Ford Escape Hybrid Plug-in,FWD,"Toms River, NJ",61 mi away,"$38,895","$27,900",$523/mo est.,New Cars (6).mhtml
2025 Nissan Rogue,SV AWD,"North Dartmouth, MA",162 mi away,"$33,385","$27,900",$523/mo est.,New Cars (6).mhtml
2025 Nissan Altima,2.5 SV AWD,"Keyport, NJ",30 mi away,"$33,355","$27,901",$523/mo est.,New Cars (6).mhtml
2025 Ford Bronco Sport,Big Bend AWD,"Glen Burnie, MD",182 mi away,"$35,285","$27,904",$523/mo est.,New Cars (6).mhtml
2025 Hyundai Elantra,Limited FWD,"Enfield, CT",107 mi away,"$28,645","$27,907",$523/mo est.,New Cars (6).mhtml
2025 Kia K4,GT-Line FWD,"Bridgewater, NJ",38 mi away,"$27,910","$27,910",$523/mo est.,New Cars (6).mhtml
2025 Hyundai Elantra,Limited FWD,"Hicksville, NY",22 mi away,,"$27,923",$523/mo est.,New Cars (6).mhtml
2025 Hyundai Elantra,Limited FWD,"Hicksville, NY",22 mi away,,"$27,923",$523/mo est.,New Cars (6).mhtml
2025 Ford Bronco Sport,Big Bend AWD,"Glen Burnie, MD",182 mi away,"$34,185","$27,925",$523/mo est.,New Cars (7).mhtml
2025 Nissan Kicks,SV AWD,"Swarthmore, PA",99 mi away,"$29,030","$27,927",$524/mo est.,New Cars (7).mhtml
2025 Nissan Rogue,S AWD,"Swarthmore, PA",99 mi away,"$32,720","$27,944",$524/mo est.,New Cars (7).mhtml
2024 Volkswagen Jetta,SE FWD,"Paramus, NJ",10 mi away,"$28,011","$27,946",$528/mo est.,New Cars (7).mhtml
2024 Volkswagen Jetta,SE FWD,"Paramus, NJ",10 mi away,"$27,946","$27,946",$528/mo est.,New Cars (7).mhtml
2025 Nissan Altima,2.5 SR AWD,"Denville, NJ",31 mi away,"$32,950","$27,950",$524/mo est.,New Cars (7).mhtml
2025 Honda HR-V,LX AWD,"Brockton, MA",171 mi away,"$27,950","$27,950",$524/mo est.,New Cars (7).mhtml
2025 Nissan Kicks,SR AWD,"St James, NY",41 mi away,"$29,735","$27,951",$524/mo est.,New Cars (7).mhtml
2025 Ford Bronco Sport,Big Bend AWD,"Ephrata, PA",125 mi away,"$33,705","$27,952",$524/mo est.,New Cars (7).mhtml
2025 Hyundai Elantra Hybrid,Limited FWD,"Salem, NH",193 mi away,"$27,955","$27,955",$524/mo est.,New Cars (7).mhtml
2024 Mitsubishi Outlander Sport,ES AWC,"Wilmington, MA",185 mi away,"$27,960","$27,960",$528/mo est.,New Cars (7).mhtml
2024 Hyundai Elantra Hybrid,Blue FWD,"Auburn, MA",142 mi away,"$27,960","$27,960",$528/mo est.,New Cars (7).mhtml
2025 Nissan Altima,2.5 SV FWD,"Blackwood, NJ",95 mi away,"$30,645","$27,960",$524/mo est.,New Cars (7).mhtml
2025 Ford Escape,Active AWD,"Keyport, NJ",31 mi away,"$35,635","$27,973",$524/mo est.,New Cars (7).mhtml
2025 Ford Escape,Active AWD,"Vauxhall, NJ",21 mi away,"$34,980","$27,980",$525/mo est.,New Cars (7).mhtml
2025 Hyundai Elantra Hybrid,Limited FWD,"Salem, NH",193 mi away,"$27,980","$27,980",$525/mo est.,New Cars (7).mhtml
2025 Nissan Altima,2.5 SV FWD,"Staten Island, NY",19 mi away,"$29,460","$27,982",$525/mo est.,New Cars (7).mhtml
2025 Nissan Altima,2.5 SR AWD,"Exton, PA",105 mi away,"$32,985","$27,985",$525/mo est.,New Cars (7).mhtml
2025 Nissan Altima,2.5 SR AWD,"Exton, PA",105 mi away,"$32,985","$27,985",$525/mo est.,New Cars (7).mhtml
2025 Nissan Altima,2.5 SR AWD,"Exton, PA",105 mi away,"$32,985","$27,985",$525/mo est.,New Cars (7).mhtml
2025 Nissan Kicks,SR AWD,"Laurel, MD",195 mi away,"$32,110","$27,985",$525/mo est.,New Cars (7).mhtml
2025 Nissan Kicks,SR AWD,"Laurel, MD",195 mi away,"$31,200","$27,985",$525/mo est.,New Cars (7).mhtml
2025 Nissan Altima,2.5 SL FWD,"Hurlock, MD",180 mi away,"$35,835","$27,993",$525/mo est.,New Cars (8).mhtml
2024 Dodge Hornet,GT AWD,"Monticello, NY",67 mi away,"$27,995","$27,995",$529/mo est.,New Cars (8).mhtml
2024 Dodge Hornet,GT AWD,"Monticello, NY",67 mi away,"$27,995","$27,995",$529/mo est.,New Cars (8).mhtml
2024 Dodge Hornet,GT AWD,"Monticello, NY",67 mi away,"$27,995","$27,995",$529/mo est.,New Cars (8).mhtml
2025 Nissan Altima,2.5 SV AWD,"Clarksville, MD",195 mi away,"$32,250","$27,995",$525/mo est.,New Cars (8).mhtml
2025 Hyundai Tucson,SE AWD,"Columbia, CT",107 mi away,"$32,595","$27,995",$525/mo est.,New Cars (8).mhtml
2025 Hyundai Sonata,SE FWD,"Downingtown, PA",111 mi away,"$27,995","$27,995",$525/mo est.,New Cars (8).mhtml
2025 Mazda CX-30,2.5 S Preferred AWD,"Philadelphia, PA",93 mi away,"$31,350","$27,999",$525/mo est.,New Cars (8).mhtml
2025 Volkswagen Taos,S 4Motion,"Watertown, CT",67 mi away,"$29,332","$27,999",$525/mo est.,New Cars (8).mhtml
2025 Hyundai Kona,SEL Convenience AWD,"Hartsdale, NY",15 mi away,"$32,345","$27,999",$525/mo est.,New Cars (8).mhtml
2025 Nissan Sentra,SR FWD,"Exton, PA",105 mi away,"$30,100","$27,999",$525/mo est.,New Cars (8).mhtml
2025 Honda Accord,LX FWD,"Yorkville, NY",173 mi away,"$29,490","$28,000",$525/mo est.,New Cars (8).mhtml
2025 Nissan Kicks,SR AWD,"White Marsh, MD",167 mi away,"$30,390","$28,000",$525/mo est.,New Cars (8).mhtml
2025 Honda HR-V,Sport AWD,"Saratoga Springs, NY",155 mi away,"$30,505","$28,000",$525/mo est.,New Cars (8).mhtml
2025 Honda HR-V,Sport AWD,"Saratoga Springs, NY",155 mi away,"$30,505","$28,000",$525/mo est.,New Cars (8).mhtml
2025 Hyundai Sonata Hybrid,SEL FWD,"Dundalk, MD",173 mi away,"$33,635","$28,016",$525/mo est.,New Cars (8).mhtml
2025 Hyundai Elantra,Limited FWD,"Schenectady, NY",135 mi away,"$28,885","$28,018",$525/mo est.,New Cars (8).mhtml
2025 Nissan Altima,2.5 SV FWD,"Montgomeryville, PA",80 mi away,"$29,965","$28,019",$525/mo est.,New Cars (8).mhtml
2025 Nissan Altima,2.5 SL FWD,"Hurlock, MD",180 mi away,"$35,835","$28,020",$525/mo est.,New Cars (8).mhtml
2025 Nissan Kicks,SR AWD,"Limerick, PA",95 mi away,"$30,065","$28,023",$525/mo est.,New Cars (8).mhtml
2025 Ford Bronco Sport,Heritage AWD,"Glen Burnie, MD",182 mi away,"$35,990","$28,031",$525/mo est.,New Cars (8).mhtml
2025 Ford Escape,ST-Line AWD,"Medford, MA",183 mi away,"$32,535","$28,035",$526/mo est.,New Cars (8).mhtml
2025 Kia Niro,EX FWD,"Warrington, PA",75 mi away,"$32,050","$28,050",$526/mo est.,New Cars (9).mhtml
2025 Kia K4,GT-Line FWD,"Dartmouth, MA",163 mi away,"$28,970","$28,055",$526/mo est.,New Cars (9).mhtml
2025 Chevrolet Trailblazer,LT AWD,"Owings Mills, MD",180 mi away,"$31,070","$28,057",$526/mo est.,New Cars (9).mhtml
2025 Hyundai Elantra Hybrid,Limited FWD,"Nashua, NH",184 mi away,"$31,560","$28,060",$526/mo est.,New Cars (9).mhtml
2025 Volkswagen Taos,S 4Motion,"Paramus, NJ",10 mi away,"$28,061","$28,061",$526/mo est.,New Cars (9).mhtml
2025 Volkswagen Taos,S 4Motion,"Paramus, NJ",10 mi away,"$28,061","$28,061",$526/mo est.,New Cars (9).mhtml
2025 Subaru Legacy,Premium AWD,"Staten Island, NY",18 mi away,"$31,534","$28,065",$526/mo est.,New Cars (9).mhtml
2025 Nissan Altima,2.5 SR FWD,"Freehold, NJ",43 mi away,"$31,535","$28,066",$526/mo est.,New Cars (9).mhtml
2025 Mazda CX-30,2.5 S Select Sport AWD,"Rensselaer, NY",128 mi away,"$30,375","$28,105",$527/mo est.,New Cars (9).mhtml
2025 Hyundai Elantra Hybrid,Limited FWD,"Salem, NH",193 mi away,"$28,115","$28,115",$527/mo est.,New Cars (9).mhtml
2025 Chevrolet Equinox,LT AWD,"Freeport, NY",21 mi away,"$33,080","$28,118",$527/mo est.,New Cars (9).mhtml
2025 Nissan Sentra,SV FWD,"Monmouth Junction, NJ",42 mi away,,"$28,120",$527/mo est.,New Cars (9).mhtml
2025 Nissan Sentra,SV FWD,"Monmouth Junction, NJ",42 mi away,,"$28,120",$527/mo est.,New Cars (9).mhtml
2025 Ford Escape,ST-Line AWD,"Vauxhall, NJ",21 mi away,"$35,120","$28,120",$527/mo est.,New Cars (9).mhtml
2025 Hyundai Sonata Hybrid,SEL FWD,"Dundalk, MD",173 mi away,"$33,748","$28,121",$527/mo est.,New Cars (9).mhtml
2025 Nissan Kicks,SV AWD,"Queensbury, NY",173 mi away,"$29,130","$28,130",$527/mo est.,New Cars (9).mhtml
2025 Nissan Altima,2.5 S FWD,"Lynnfield, MA",190 mi away,"$28,140","$28,140",$527/mo est.,New Cars (9).mhtml
2025 Nissan Altima,2.5 S FWD,"Lynnfield, MA",190 mi away,"$28,140","$28,140",$527/mo est.,New Cars (9).mhtml
2025 Nissan Altima,2.5 S FWD,"Lynnfield, MA",190 mi away,"$28,140","$28,140",$527/mo est.,New Cars (9).mhtml
2025 Nissan Altima,2.5 S FWD,"Lynnfield, MA",190 mi away,"$28,140","$28,140",$527/mo est.,New Cars (9).mhtml
2025 Hyundai Elantra,SEL Convenience FWD,"Freehold, NJ",43 mi away,"$28,145","$28,145",$528/mo est.,New Cars (9).mhtml
2025 Hyundai Elantra Hybrid,Limited FWD,"Milford, MA",155 mi away,"$32,165","$28,165",$528/mo est.,New Cars (9).mhtml
2025 Nissan Kicks,SR AWD,"Raynham, MA",168 mi away,"$30,285","$27,195",$510/mo est.,New Cars.mhtml
2025 Nissan Kicks,SV AWD,"Raynham, MA",168 mi away,"$29,925","$27,195",$510/mo est.,New Cars.mhtml
2025 Hyundai Elantra Hybrid,SEL Sport FWD,"Raynham, MA",168 mi away,"$29,700","$27,200",$510/mo est.,New Cars.mhtml
2025 Nissan Kicks,SR AWD,"Wellesley, MA",169 mi away,"$30,115","$27,200",$510/mo est.,New Cars.mhtml
2025 Hyundai Elantra Hybrid,SEL Sport FWD,"Milford, CT",51 mi away,"$29,700","$27,200",$510/mo est.,New Cars.mhtml
2024 Volkswagen Jetta,SE FWD,"Paramus, NJ",10 mi away,"$27,206","$27,206",$514/mo est.,New Cars.mhtml
2025 Nissan Sentra,SR FWD,"Conshohocken, PA",88 mi away,"$28,770","$27,210",$510/mo est.,New Cars.mhtml
2025 Mitsubishi Outlander Sport,SEL AWC,"Brookfield, CT",52 mi away,"$30,920","$27,210",$510/mo est.,New Cars.mhtml
2025 Nissan Kicks,SV AWD,"Flemington, NJ",53 mi away,"$30,700","$27,225",$510/mo est.,New Cars.mhtml
2025 Nissan Sentra,SR FWD,"Hainesport, NJ",74 mi away,"$27,225","$27,225",$510/mo est.,New Cars.mhtml
2025 Ford Escape,Active AWD,"Philadelphia, PA",78 mi away,"$35,630","$27,232",$510/mo est.,New Cars.mhtml
2025 Kia Niro,EX FWD,"Watertown, CT",67 mi away,"$31,755","$27,255",$511/mo est.,New Cars.mhtml
2025 Mitsubishi Outlander Sport,SE AWC,"Brookfield, CT",52 mi away,"$30,975","$27,258",$511/mo est.,New Cars.mhtml
2025 Ford Escape,Active AWD,"Hanover, PA",176 mi away,"$33,405","$27,273",$511/mo est.,New Cars.mhtml
2025 Nissan Sentra,SR FWD,"Newark, DE",124 mi away,"$29,625","$27,274",$511/mo est.,New Cars.mhtml
2025 Nissan Sentra,SR FWD,"Newark, DE",124 mi away,"$29,625","$27,274",$511/mo est.,New Cars.mhtml
2025 Nissan Sentra,SR FWD,"Newark, DE",124 mi away,"$29,625","$27,274",$511/mo est.,New Cars.mhtml
2025 Hyundai Elantra Hybrid,SEL Sport FWD,"Raynham, MA",168 mi away,"$29,780","$27,280",$511/mo est.,New Cars.mhtml
2025 Nissan Sentra,SR FWD,"Schenectady, NY",134 mi away,"$29,780","$27,280",$511/mo est.,New Cars.mhtml
2025 Nissan Sentra,SR FWD,"Schenectady, NY",134 mi away,"$29,780","$27,280",$511/mo est.,New Cars.mhtml
2025 Nissan Altima,2.5 SV AWD,"Denville, NJ",31 mi away,"$32,280","$27,280",$511/mo est.,New Cars.mhtml
2025 Kia K4,GT-Line FWD,"Bridgewater, NJ",38 mi away,"$27,285","$27,285",$511/mo est.,New Cars.mhtml
